AUBERVILLIERS,secretariat-general@mairie-Aubervilliers.fr,Seine-Saint-Denis
AULNAY SOUS BOIS,comexterne@aulnay-sous-bois.com,Seine-Saint-Denis
BAGNOLET,mairie@ville-bagnolet.fr,Seine-Saint-Denis
BOBIGNY,comtown@comtown.com,Seine-Saint-Denis
BONDY,cab-maire@ville-bondy.fr,Seine-Saint-Denis
CLICHY SOUS BOIS,webmaster@ville-clichy-sous-bois.fr,Seine-Saint-Denis
COUBRON,cabinet.maire@coubron.fr ,Seine-Saint-Denis
DRANCY,maire@drancy.fr,Seine-Saint-Denis
DUGNY,cabmaire@mairie-dugny.fr,Seine-Saint-Denis
EPINAY SUR SEINE,communication@mairie-epinay93.fr,Seine-Saint-Denis
GAGNY,info@mairie-gagny.fr,Seine-Saint-Denis
GOURNAY SUR MARNE,c.gonnet@gournay-sur-marne.fr,Seine-Saint-Denis
LA COURNEUVE,maire@ville-la-courneuve.fr,Seine-Saint-Denis
LE BLANC MESNIL,lemensuel@ville-blanc-mesnil.fr,Seine-Saint-Denis
LE BOURGET,service.communication@ville-lebourget.fr,Seine-Saint-Denis
LE PRE SAINT GERVAIS,communication@ville-du-pre-saint-gervais.fr,Seine-Saint-Denis
LE RAINCY,leraincy@leraincy.com,Seine-Saint-Denis
LES LILAS,ville@leslilas.fr,Seine-Saint-Denis
LES PAVILLONS SOUS BOIS,mairie@ville-pavillons-sous-bois.fr,Seine-Saint-Denis
L ILE SAINT DENIS,mairie@lile-saint-denis.fr,Seine-Saint-Denis
LIVRY GARGAN,courriermaire@ville-de-livry-gargan.fr,Seine-Saint-Denis
MONTFERMEIL,elus@ville-montfermeil.fr,Seine-Saint-Denis
MONTREUIL,site.internet@montreuil93.net,Seine-Saint-Denis
NEUILLY PLAISANCE,contact@mairie-neuillyplaisance.com,Seine-Saint-Denis
NEUILLY SUR MARNE,mairie.neuilly.marne@wanadoo.fr,Seine-Saint-Denis
NOISY LE GRAND,mairie@ville-noisylegrand.fr,Seine-Saint-Denis
NOISY LE SEC,maire@noisylesec.fr,Seine-Saint-Denis
PANTIN,"",Seine-Saint-Denis
PIERREFITTE SUR SEINE,mairie@mairie-pierrefitte-sur-seine.fr,Seine-Saint-Denis
ROMAINVILLE,courrier@ville-romainville.fr,Seine-Saint-Denis
ROSNY SOUS BOIS,courrier@mairie-rosny-sous-bois.fr,Seine-Saint-Denis
SAINT DENIS,mairie.saint.denis@ville-saint-denis.fr,Seine-Saint-Denis
SAINT OUEN,etat-civil@mairie-saint-ouen.fr,Seine-Saint-Denis
SEVRAN,grp_accueil@ville-sevran.fr,Seine-Saint-Denis
STAINS,courrier@stains.fr,Seine-Saint-Denis
TREMBLAY EN FRANCE,services@tremblayenfrance.fr,Seine-Saint-Denis
VAUJOURS,contact@ville-vaujours.fr,Seine-Saint-Denis
VILLEMOMBLE,secretariat-general@mairie-villemomble.fr,Seine-Saint-Denis
VILLEPINTE,mairie@ville-villepinte.fr,Seine-Saint-Denis
VILLETANEUSE,communication@mairie-villetaneuse.fr,Seine-Saint-Denis
ACHERES LA FORET,acheres.la.foret@wanadoo.fr,Seine-et-Marne
AMILLIS,mairieamillis@orange.fr,Seine-et-Marne
AMPONVILLE,mairie.amponville@wanadoo.fr,Seine-et-Marne
ANDREZEL,mairie.andrezel@wanadoo.fr,Seine-et-Marne
ANNET SUR MARNE,mairie-annet-sur-marne@wanadoo.fr,Seine-et-Marne
ARBONNE LA FORET,mairie.arbonnelaforet@wanadoo.fr,Seine-et-Marne
ARGENTIERES,"",Seine-et-Marne
ARMENTIERES EN BRIE,armentieres-en-brie@paysdelourcq.fr,Seine-et-Marne
ARVILLE,arville.mairie@wanadoo.fr,Seine-et-Marne
AUBEPIERRE OZOUER LE REPOS,mairie-aubepierre-ozouer@wanadoo.fr,Seine-et-Marne
AUFFERVILLE,mairie.aufferville@wanadoo.fr,Seine-et-Marne
AUGERS EN BRIE,mairie.augers-en-brie@laposte.net,Seine-et-Marne
AULNOY,mairie.aulnoy@orange.fr,Seine-et-Marne
AVON,mairie@avon77.com,Seine-et-Marne
BABY,"",Seine-et-Marne
BAGNEAUX SUR LOING,mairie-bagneaux-sur-loing@wanadoo.fr,Seine-et-Marne
BAILLY ROMAINVILLIERS,contact@bailly-romainvilliers.fr,Seine-et-Marne
BALLOY,mairie.balloy@laposte.net,Seine-et-Marne
BANNOST VILLEGAGNON,bannost-villegagnon@wanadoo.fr,Seine-et-Marne
BARBEY,mairiedebarbey@wanadoo.fr,Seine-et-Marne
BARBIZON,mairie-de-barbizon@wanadoo.fr,Seine-et-Marne
BARCY,mairie-barcy@wanadoo.fr,Seine-et-Marne
BASSEVELLE,mairiebassevelle@wanadoo.fr,Seine-et-Marne
BAZOCHES LES BRAY,bazoches.mairie@wanadoo.fr,Seine-et-Marne
BEAUCHERY SAINT MARTIN,mairie.beauchery@orange.fr,Seine-et-Marne
BEAUMONT DU GATINAIS,mairie.beaumont.du.gatinais@wanadoo.fr,Seine-et-Marne
BEAUTHEIL,mairie-de-beautheil@wanadoo.fr,Seine-et-Marne
BEAUVOIR,beauvoir-mairie@wanadoo.fr,Seine-et-Marne
BELLOT,"",Seine-et-Marne
BERNAY VILBERT,mairie-bernay-vilbert@wanadoo.fr,Seine-et-Marne
BETON BAZOCHES,mairie-de-beton-bazoches3@wanadoo.fr,Seine-et-Marne
BEZALLES,mairiebezalles@orange.fr,Seine-et-Marne
BLANDY,mairie@blandylestours.fr,Seine-et-Marne
BLENNES,mairie.blennes@wanadoo.fr,Seine-et-Marne
BOISDON,mairieboisdon@orange.fr,Seine-et-Marne
BOIS LE ROI,personnel@ville-boisleroi.fr,Seine-et-Marne
BOISSETTES,mairie-de-boisettes@wanadoo.fr,Seine-et-Marne
BOISSISE LA BERTRAND,boissise-la-bertrand@wanadoo.fr,Seine-et-Marne
BOISSISE LE ROI,commune.de.boissise.le.roi@wanadoo.fr,Seine-et-Marne
BOISSY AUX CAILLES,mairie.boissy-aux-cailles@wanadoo.fr,Seine-et-Marne
BOISSY LE CHATEL,denis.sarazin-charpentier@cades.fr,Seine-et-Marne
BOITRON,"",Seine-et-Marne
BOMBON,mairie.bombon@wanadoo.fr,Seine-et-Marne
BOUGLIGNY,mairie.bougligny@wanadoo.fr,Seine-et-Marne
BOULANCOURT,mairie-boulancourt@wanadoo.fr,Seine-et-Marne
BOULEURS,mairiedebouleurs2@wanadoo.fr,Seine-et-Marne
BOURRON MARLOTTE,mairie-bourron-marlotte@wanadoo.fr,Seine-et-Marne
BOUTIGNY,boutigny-77@wanadoo.fr,Seine-et-Marne
BRANSLES,bransles.mairie@wanadoo.fr,Seine-et-Marne
BRAY SUR SEINE,mairiedebraysurseine@orange.fr,Seine-et-Marne
BREAU,mairie-breau@wanadoo.fr,Seine-et-Marne
BRIE COMTE ROBERT,mairie@briecomterobert.fr,Seine-et-Marne
BROU SUR CHANTEREINE,mairie.brou77@wanadoo.fr,Seine-et-Marne
BURCY,burcy-mairie@wanadoo.fr,Seine-et-Marne
BUSSIERES,mairie.bussieres77@wanadoo.fr,Seine-et-Marne
BUSSY SAINT GEORGES,mairie@bussy-saint-georges.fr,Seine-et-Marne
BUSSY SAINT MARTIN,contact@bussy-saint-martin.com,Seine-et-Marne
BUTHIERS,mairie.buthiers@wanadoo.fr,Seine-et-Marne
CANNES ECLUSE,mairie@cannes-ecluse.com,Seine-et-Marne
CARNETIN,mairie.carnetin@wanadoo.fr,Seine-et-Marne
CELY,commune.cely@wanadoo.fr,Seine-et-Marne
CERNEUX,mairie.cerneux@wanadoo.fr,Seine-et-Marne
CESSON,contact@ville-cesson.fr,Seine-et-Marne
CESSOY EN MONTOIS,mairiecessoyenmontois@wanadoo.fr,Seine-et-Marne
CHAILLY EN BIERE,mairie.de.chailly.en.biere@wanadoo.fr,Seine-et-Marne
CHAILLY EN BRIE,mairie.chaillyenbrie@wanadoo.fr,Seine-et-Marne
CHAINTREAUX,mairie.chaintreaux@wanadoo.fr,Seine-et-Marne
CHALAUTRE LA GRANDE,mairie-chalautre-la-gde@wanadoo.fr,Seine-et-Marne
CHALAUTRE LA PETITE,mairie.chalautre.la.petite@wanadoo.fr,Seine-et-Marne
CHALIFERT,mairiechalifert@wanadoo.fr,Seine-et-Marne
CHALMAISON,mairie-chalmaison@orange.fr,Seine-et-Marne
CHAMBRY,mairie-chambry@wanadoo.fr,Seine-et-Marne
CHAMIGNY,mairie-chamigny@wanadoo.fr,Seine-et-Marne
CHAMPAGNE SUR SEINE,accueil@champagne-sur-seine.fr,Seine-et-Marne
CHAMPCENEST,mairie.champcenest@wanadoo.fr,Seine-et-Marne
CHAMPDEUIL,commune.de.champdeuil@wanadoo.fr,Seine-et-Marne
CHAMPEAUX,mairie.champeaux.77@wanadoo.fr,Seine-et-Marne
CHAMPS SUR MARNE,courrier@ville-champssurmarne.fr,Seine-et-Marne
CHANGIS SUR MARNE,mairie.changis@wanadoo.fr,Seine-et-Marne
CHANTELOUP EN BRIE,mairiechanteloup.e.b@wanadoo.fr,Seine-et-Marne
CHARMENTRAY,mairie.charmentray@wanadoo.fr,Seine-et-Marne
CHARNY,mairie.charny77@wanadoo.fr,Seine-et-Marne
CHARTRETTES,mairie@mairie-chartrettes.fr ,Seine-et-Marne
CHARTRONGES,mairie-de-chartronges@wanadoo.fr,Seine-et-Marne
CHATEAUBLEAU,mairie.chateaubleau@wanadoo.fr,Seine-et-Marne
CHATEAU LANDON,mairie.chateaulandon@wanadoo.fr,Seine-et-Marne
CHATENAY SUR SEINE,chatenay.mairie@wanadoo.fr,Seine-et-Marne
CHATENOY,mairie.chatenoy@wanadoo.fr,Seine-et-Marne
CHATILLON LA BORDE,chatillon.la.borde@wanadoo.fr,Seine-et-Marne
CHATRES,mairie.chatres@wanadoo.fr,Seine-et-Marne
CHAUCONIN NEUFMONTIERS,chauconin-neufmontiers@wanadoo.fr,Seine-et-Marne
CHAUFFRY,mairie-chauffry@wanadoo.fr,Seine-et-Marne
CHAUMES EN BRIE,mairie-chaumes@wanadoo.fr,Seine-et-Marne
CHELLES,jp.planchou@chelles.fr,Seine-et-Marne
CHENOISE,mairie.chenoise@wanadoo.fr,Seine-et-Marne
CHENOU,"",Seine-et-Marne
CHESSY, mairie.chessy@wanadoo.fr ,Seine-et-Marne
CHEVRAINVILLIERS,mairie.chevrainvilliers@wanadoo.fr,Seine-et-Marne
CHEVRU,Mairie.Chevru@wanadoo.fr,Seine-et-Marne
CHEVRY COSSIGNY,mairie.chevry@wanadoo.fr,Seine-et-Marne
CHEVRY EN SEREINE,chevry.en.sereine@wanadoo.fr,Seine-et-Marne
CHOISY EN BRIE,MAIRIE.CHOISY-EN-BRIE@wanadoo.fr,Seine-et-Marne
CITRY,mairie.citry@wanadoo.fr,Seine-et-Marne
CLAYE SOUILLY,abaignot@mairie-claye-souilly.fr,Seine-et-Marne
CLOS FONTAINE,mairie.closfontaine@wanadoo.fr,Seine-et-Marne
COCHEREL,cocherel@paysdelourcq.fr,Seine-et-Marne
COLLEGIEN,kferrand@mairie-de-collegien.fr,Seine-et-Marne
COMBS LA VILLE,contact@mairie-combs-la-ville.fr,Seine-et-Marne
COMPANS,mairiedecompans@wanadoo.fr,Seine-et-Marne
CONCHES SUR GONDOIRE,conchesgondoire.mairie@wanadoo.fr,Seine-et-Marne
CONDE SAINTE LIBIAIRE,mairie.condestelibiaire@wanadoo.fr,Seine-et-Marne
CONGIS SUR THEROUANNE,mairie.congis@wanadoo.fr,Seine-et-Marne
COUBERT,mairie.coubert@wanadoo.fr,Seine-et-Marne
COUILLY PONT AUX DAMES,mairie.couilly@wanadoo.fr,Seine-et-Marne
COULOMBS EN VALOIS,mairie.coulombs.valois@wanadoo.fr,Seine-et-Marne
COULOMMES,mairiedecoulommes@orange.fr,Seine-et-Marne
COULOMMIERS,d.g.s@coulommiers.fr,Seine-et-Marne
COUPVRAY,mairie-coupvray@wanadoo.fr,Seine-et-Marne
COURCELLES EN BASSEE,mairie.courcelles-en-bassee@wanadoo.fr,Seine-et-Marne
COURCHAMP,mairie.courchamp@laposte.net,Seine-et-Marne
COURPALAY,courpalay@wanadoo.fr,Seine-et-Marne
COURQUETAINE,mairie.courquetaine@wanadoo.fr,Seine-et-Marne
COURTACON,dfadin@terre-net.fr,Seine-et-Marne
COURTOMER,mairie.courtomer@wanadoo.fr,Seine-et-Marne
COURTRY,mairie@ville-courtry.fr,Seine-et-Marne
COUTENCON,mairie.coutencon@wanadoo.fr,Seine-et-Marne
COUTEVROULT,coutevroult@wanadoo.fr,Seine-et-Marne
CRECY LA CHAPELLE,commune@crecylachapelle.eu,Seine-et-Marne
CREGY LES MEAUX,mairiecregy@wanadoo.fr,Seine-et-Marne
CREVECOEUR EN BRIE,mairie.crevecoeur@libertysurf.fr,Seine-et-Marne
CRISENOY,mairiedecrisenoy@wanadoo.fr,Seine-et-Marne
CROISSY BEAUBOURG,croissy.beaubourg@wanadoo.fr,Seine-et-Marne
CROUY SUR OURCQ,crouy-sur-ourcq@paysdelourcq.fr,Seine-et-Marne
CUCHARMOY,mairie.cucharmoy@wanadoo.fr,Seine-et-Marne
CUISY,brigitte.lhopital@free.fr,Seine-et-Marne
DAGNY,mairie.de.dagny@wanadoo.fr,Seine-et-Marne
DAMMARIE LES LYS,info@mairie-dammarie-les-lys.fr,Seine-et-Marne
DAMMARTIN EN GOELE,contact@dammartin-en-goele.fr,Seine-et-Marne
DAMMARTIN SUR TIGEAUX,mairie.damtig@wanadoo.fr,Seine-et-Marne
DAMPMART,mairie@dampmart.fr,Seine-et-Marne
DARVAULT,mairie@mairie-darvault.fr,Seine-et-Marne
DHUISY,mairie.dhuisy@wanadoo.fr,Seine-et-Marne
DIANT,mairie.diant@wanadoo.fr,Seine-et-Marne
DONNEMARIE DONTILLY,mairie@donnemarie-dontilly.com,Seine-et-Marne
DORMELLES,mairie.dormelles@laposte.net,Seine-et-Marne
DOUE,mairie.doue@orange.fr,Seine-et-Marne
DOUY LA RAMEE,mairie.douy-la-ramee@wizeo.fr,Seine-et-Marne
ECHOUBOULAINS,Mairie-Echouboulains@wanadoo.fr,Seine-et-Marne
ECUELLES,accueil@mairie-ecuelles.fr,Seine-et-Marne
EGLIGNY,mairiedegligny@wanadoo.fr,Seine-et-Marne
EGREVILLE,mairie-egreville@wanadoo.fr,Seine-et-Marne
EMERAINVILLE,maire@mairie-emerainville.fr,Seine-et-Marne
EPISY,episy.77@wanadoo.fr,Seine-et-Marne
ESBLY,ville.esbly@mairie-esbly.fr,Seine-et-Marne
ESMANS,mairie.de.esmans@wanadoo.fr,Seine-et-Marne
ETREPILLY,mairie.etrepilly@wanadoo.fr,Seine-et-Marne
EVERLY,mairie.everly@wanadoo.fr,Seine-et-Marne
EVRY GREGY SUR YERRES,evry-gregy@wanadoo.fr,Seine-et-Marne
FAREMOUTIERS,mairie.faremoutiers@wanadoo.fr,Seine-et-Marne
FAVIERES,mairie-favieres@wanadoo.fr,Seine-et-Marne
FAY LES NEMOURS,mairie-de-fay-les-nemours@wanadoo.fr,Seine-et-Marne
FERICY,mairie.fericy@wanadoo.fr,Seine-et-Marne
FEROLLES ATTILLY,mairie@ferolles-attilly.fr,Seine-et-Marne
FERRIERES EN BRIE,mairie@ferrieresenbrie.fr,Seine-et-Marne
FLAGY,mairie-flagy@wanadoo.fr,Seine-et-Marne
FLEURY EN BIERE,mairie-fleuryenbiere@wanadoo.fr,Seine-et-Marne
FONTAINEBLEAU,communication@fontainebleau.fr,Seine-et-Marne
FONTAINE FOURCHES,mairie.fontaine-fourches@wanadoo.fr,Seine-et-Marne
FONTAINE LE PORT,mairie-fontaineleport@wanadoo.fr,Seine-et-Marne
FONTAINS,mairie.de.fontains@wanadoo.fr,Seine-et-Marne
FONTENAILLES,mairie.fontenailles@wanadoo.fr,Seine-et-Marne
FONTENAY TRESIGNY,dgs@fontenay-tresigny.fr,Seine-et-Marne
FORFRY,mairie.forfry@wanadoo.fr,Seine-et-Marne
FORGES,mairie.forges.77@wanadoo.fr,Seine-et-Marne
FOUJU,foujumai@wanadoo.fr,Seine-et-Marne
FRESNES SUR MARNE,fresnes-sur-marne@wanadoo.fr,Seine-et-Marne
FRETOY LE MOUTIER,mairiefretoy@orange.fr,Seine-et-Marne
FROMONT,mairie@fromont77.com,Seine-et-Marne
FUBLAINES,mairie.fublaines@wanadoo.fr,Seine-et-Marne
GARENTREVILLE,mairie.garentreville@wanadoo.fr,Seine-et-Marne
GASTINS,mairie-gastins@gastins.fr,Seine-et-Marne
GERMIGNY L EVEQUE,mairie.germigny-leveque@wanadoo.fr,Seine-et-Marne
GERMIGNY SOUS COULOMBS,germignysouscoulombs.mairie@wanadoo.fr,Seine-et-Marne
GESVRES LE CHAPITRE,"",Seine-et-Marne
GIREMOUTIERS,giremoutiers@wanadoo.fr,Seine-et-Marne
GIRONVILLE,mairie.gironville@laposte.net,Seine-et-Marne
GOUAIX,mairie.gouaix77@wanadoo.fr,Seine-et-Marne
GOUVERNES,mairie.de.gouvernes@wanadoo.fr,Seine-et-Marne
GRANDPUITS BAILLY CARROIS,mairie.grandpuits@wanadoo.fr,Seine-et-Marne
GRAVON,mairie.gravon@laposte.net,Seine-et-Marne
GRESSY,commune.gressy@wanadoo.fr,Seine-et-Marne
GRETZ ARMAINVILLIERS,mairie@gretz-armainvilliers.fr,Seine-et-Marne
GREZ SUR LOING,mairie.grezsurloing@wanadoo.fr,Seine-et-Marne
GRISY SUISNES,mairie-de-grisysuisnes@wanadoo.fr,Seine-et-Marne
GRISY SUR SEINE,mairie.grisyseine@wanadoo.fr,Seine-et-Marne
GUERARD,mairie.guerard@laposte.net,Seine-et-Marne
GUERCHEVILLE,guercheville.mairie@wanadoo.fr,Seine-et-Marne
GUERMANTES,mairie-de-guermantes@wanadoo.fr,Seine-et-Marne
GUIGNES,Mairie.guignes@wanadoo.fr,Seine-et-Marne
GURCY LE CHATEL,mairie-gurcy-le-chatel@wanadoo.fr,Seine-et-Marne
HAUTEFEUILLE,mairie.hautefeuille@laposte.net,Seine-et-Marne
HERICY,mairiedhericy@wanadoo.fr,Seine-et-Marne
HERME,mairie.herme77@wanadoo.fr,Seine-et-Marne
HONDEVILLIERS,"",Seine-et-Marne
ICHY,ichy.mairie@wanadoo.fr,Seine-et-Marne
ISLES LES MELDEUSES,isles-les-meldeuses@paysdelourcq.fr,Seine-et-Marne
ISLES LES VILLENOY,mairie-isles@wanadoo.fr,Seine-et-Marne
IVERNY,mairie.iverny@wanadoo.fr,Seine-et-Marne
JABLINES,mairie.jablines@wanadoo.fr,Seine-et-Marne
JAIGNES,mairiejaignes@orange.fr,Seine-et-Marne
JAULNES,mairie.jaulnes@wanadoo.fr,Seine-et-Marne
JOSSIGNY,mairiedejossigny@wanadoo.fr,Seine-et-Marne
JOUARRE,mairie@jouarre.fr,Seine-et-Marne
JOUY LE CHATEL,mairiejouylechatel@wanadoo.fr,Seine-et-Marne
JOUY SUR MORIN,mairie-de-jouy-sur-morin@wanadoo.fr,Seine-et-Marne
JUILLY,mairie.juilly@wanadoo.fr,Seine-et-Marne
JUTIGNY,mairie-de-jutigny@wanadoo.fr,Seine-et-Marne
LA BROSSE MONTCEAUX,la-brosse-montceaux@wanadoo.fr,Seine-et-Marne
LA CELLE SUR MORIN,mairie.lacellesurmorin@wanadoo.fr,Seine-et-Marne
LA CHAPELLE GAUTHIER,mairie-la-chapelle-gauthier@wanadoo.fr,Seine-et-Marne
LA CHAPELLE IGER,lachapelleiger@wanadoo.fr,Seine-et-Marne
LA CHAPELLE LA REINE,secretariat@lachapellelareine.net,Seine-et-Marne
LA CHAPELLE MOUTILS,mairie.chapellemoutils@perso.altitudetelecom.fr,Seine-et-Marne
LA CHAPELLE RABLAIS,crinformatique@wanadoo.fr,Seine-et-Marne
LA CHAPELLE SAINT SULPICE,mairie.chapellesaintsulpice@wanadoo.fr,Seine-et-Marne
LA CROIX EN BRIE,mairie-la-croix-en-brie77@wanadoo.fr,Seine-et-Marne
LA FERTE GAUCHER,info@la-ferte-gaucher.org,Seine-et-Marne
LA FERTE SOUS JOUARRE,info@la-ferte-sous-jouarre.fr,Seine-et-Marne
LA GENEVRAYE,MAIRIE-LA-GENEVRAYE@wanadoo.fr,Seine-et-Marne
LAGNY SUR MARNE,mmarnat@free.fr,Seine-et-Marne
LA GRANDE PAROISSE,mairie.grande.paroisse@wanadoo.fr,Seine-et-Marne
LA HAUTE MAISON,mairie.lahautemaison@wanadoo.fr,Seine-et-Marne
LA HOUSSAYE EN BRIE,mairie.lahoussaye.77@wanadoo.fr,Seine-et-Marne
LA MADELEINE SUR LOING,mairie.madeleinesurloing@perso.altitudetelecom.fr,Seine-et-Marne
LARCHANT,mairie.larchant@wanadoo.fr,Seine-et-Marne
LA ROCHETTE,mairie@larochette77.fr,Seine-et-Marne
LA TOMBE,mairiedelatombe@wanadoo.fr,Seine-et-Marne
LA TRETOIRE,mairie-la-tretoire@wanadoo.fr,Seine-et-Marne
LAVAL EN BRIE,lavalenbrie@wanadoo.fr,Seine-et-Marne
LE CHATELET EN BRIE,mairie.chatelet.77@wanadoo.fr,Seine-et-Marne
LECHELLE,mairie.lechelle@wanadoo.fr,Seine-et-Marne
LE MEE SUR SEINE,info@lemeesurseine.fr,Seine-et-Marne
LE MESNIL AMELOT,mairie.mesnil.amelot@wanadoo.fr,Seine-et-Marne
LE PIN,mairiedelepin@wanadoo.fr,Seine-et-Marne
LE PLESSIS AUX BOIS,mairie.plessisauxbois@wanadoo.fr,Seine-et-Marne
LE PLESSIS FEU AUSSOUX,mairie-le-plessis-feu-aussous@wanadoo.fr,Seine-et-Marne
LE PLESSIS L EVEQUE,leplessisleveque@wanadoo.fr,Seine-et-Marne
LE PLESSIS PLACY,mairie.plessisplacy@free.fr,Seine-et-Marne
LES CHAPELLES BOURBON,leschapellesbourbon@orange.fr,Seine-et-Marne
LESCHEROLLES,commune-lescherolles@wanadoo.fr,Seine-et-Marne
LESCHES,mairie.lesches@wanadoo.fr,Seine-et-Marne
LES ECRENNES,mairie-les-ecrennes@wanadoo.fr,Seine-et-Marne
LESIGNY,mm@mairie-lesigny.fr,Seine-et-Marne
LES MARETS,mairie.les-marets@laposte.net,Seine-et-Marne
LES ORMES SUR VOULZIE,mairie.ormes-s-voulzie@wanadoo.fr,Seine-et-Marne
LEUDON EN BRIE,mairie.leudon-en-brie@laposte.net,Seine-et-Marne
LE VAUDOUE,mairie.vaudoue@wanadoo.fr,Seine-et-Marne
LIEUSAINT,contact@ville-lieusaint.fr,Seine-et-Marne
LIMOGES FOURCHES,mairie.limoges.fourches@wanadoo.fr,Seine-et-Marne
LISSY,mairie.lissy@wanadoo.fr,Seine-et-Marne
LIVERDY EN BRIE,secretariat@mairiedeliverdy.fr,Seine-et-Marne
LIVRY SUR SEINE,mairie-de-livry-sur-seine@wanadoo.fr,Seine-et-Marne
LIZINES,mairie.lizines@laposte.net,Seine-et-Marne
LIZY SUR OURCQ,contact@lizy-sur-ourcq.com,Seine-et-Marne
LOGNES,courrier@mairie-lognes.fr,Seine-et-Marne
LONGPERRIER,mairie-longperrier@wanadoo.fr,Seine-et-Marne
LONGUEVILLE,mairie.longueville@wanadoo.fr,Seine-et-Marne
LORREZ LE BOCAGE PREAUX,lorrezlebocage@wanadoo.fr,Seine-et-Marne
LOUAN VILLEGRUIS FONTAINE,commune.louan-villgruis@wanadoo.fr,Seine-et-Marne
LUISETAINES,mairie.luisetaines@wanadoo.fr,Seine-et-Marne
LUMIGNY NESLES ORMEAUX,mairie.lumignyno@wanadoo.fr,Seine-et-Marne
LUZANCY,mairie.luzancy@wanadoo.fr,Seine-et-Marne
MACHAULT,mairiemachault@wanadoo.fr,Seine-et-Marne
MAGNY LE HONGRE,mairie@magnylehongre.fr,Seine-et-Marne
MAINCY,mairie.maincy77@wanadoo.fr,Seine-et-Marne
MAISONCELLES EN BRIE,mairie.maisoncelles.en.brie@wanadoo.fr,Seine-et-Marne
MAISONCELLES EN GATINAIS,mairie_maisoncelles@hotmail.fr,Seine-et-Marne
MAISON ROUGE,mairie-maisonrougeenbrie.77@wanadoo.fr,Seine-et-Marne
MARCHEMORET,mairie.de.marchemoret@wanadoo.fr,Seine-et-Marne
MARCILLY,mairie-marcilly@wanadoo.fr,Seine-et-Marne
MAREUIL LES MEAUX,commune-mareuil-les-meaux@wanadoo.fr,Seine-et-Marne
MARLES EN BRIE,mairie-marles-en-brie@wanadoo.fr,Seine-et-Marne
MAROLLES EN BRIE,cabinet-maire@mairie-marolles.fr,Seine-et-Marne
MAROLLES SUR SEINE,mairie-marolles-sur-seine@wanadoo.fr,Seine-et-Marne
MARY SUR MARNE,mary-sur-marne@wanadoo.fr,Seine-et-Marne
MAUPERTHUIS,mairie.mauperthuis@wanadoo.fr,Seine-et-Marne
MAUREGARD, contact@mauregard.fr,Seine-et-Marne
MAY EN MULTIEN,mairie.may-en-multien@laposte.net,Seine-et-Marne
MEAUX,"",Seine-et-Marne
MEIGNEUX,mairie.de.meigneux@wibox.fr,Seine-et-Marne
MEILLERAY,mairie.meilleray@wanadoo.fr,Seine-et-Marne
MELUN,webmestre@ville-melun.fr,Seine-et-Marne
MELZ SUR SEINE,mairie.melzsurseine@wanadoo.fr,Seine-et-Marne
MERY SUR MARNE,mairie-mery-sur-marne@wanadoo.fr,Seine-et-Marne
MESSY,mairie.messy@wanadoo.fr,Seine-et-Marne
MISY SUR YONNE,mairie-de-misy-sur-yonne@wanadoo.fr,Seine-et-Marne
MITRY MORY,mairie@ville-mirecourt.fr,Seine-et-Marne
MOISENAY,mairie-de-moisenay@wanadoo.fr,Seine-et-Marne
MOISSY CRAMAYEL,mairie@ville-moissycramayel.fr,Seine-et-Marne
MONDREVILLE,mairie-de-mondreville@wanadoo.fr,Seine-et-Marne
MONS EN MONTOIS,mairie.monsenmontois@free.fr,Seine-et-Marne
MONTARLOT,MAIRIE-MONTARLOT@wanadoo.fr,Seine-et-Marne
MONTCEAUX LES MEAUX,commune.montceaux-les-meaux@wanadoo.fr,Seine-et-Marne
MONTCEAUX LES PROVINS,mairiemontceauxlesprovins@wanadoo.fr,Seine-et-Marne
MONTCOURT FROMONVILLE,"",Seine-et-Marne
MONTDAUPHIN,mairiedemontdauphin@orange.fr,Seine-et-Marne
MONTENILS,"",Seine-et-Marne
MONTEREAU FAULT YONNE,contact@ville-montereau77.fr,Seine-et-Marne
MONTEREAU SUR LE JARD,mairie-de-montereau-sur-le-jard@wanadoo.fr,Seine-et-Marne
MONTEVRAIN,dgs@mairie-montevrain.fr,Seine-et-Marne
MONTGE EN GOELE,mairiedemontge@wanadoo.fr,Seine-et-Marne
MONTHYON,mairie-de-monthyon@wanadoo.fr,Seine-et-Marne
MONTIGNY LE GUESDIER,mairie.montigny-le-guesdier@laposte.net,Seine-et-Marne
MONTIGNY LENCOUP,mairie.montigny-lencoup@wanadoo.fr,Seine-et-Marne
MONTIGNY SUR LOING,mairie.montigny-sur-loing@wanadoo.fr,Seine-et-Marne
MONTMACHOUX,mairie.montmachoux@perso.altitudetelecom.fr,Seine-et-Marne
MONTOLIVET,commune-montolivet@wanadoo.fr,Seine-et-Marne
MONTRY,florence.biondi@mairie-montry.fr,Seine-et-Marne
MORET SUR LOING,le-maire@ville-moret-sur-loing.fr,Seine-et-Marne
MORMANT,info@ville-mormant.fr,Seine-et-Marne
MORTCERF,mairie-de-mortcerf@wanadoo.fr,Seine-et-Marne
MORTERY,mairie.mortery@laposte.net,Seine-et-Marne
MOUROUX,info@ville-mouroux.fr,Seine-et-Marne
MOUSSEAUX LES BRAY,mairie.mousseaux-les-bray@wanadoo.fr,Seine-et-Marne
MOUSSY LE NEUF,mairie@moussyleneuf.fr,Seine-et-Marne
MOUSSY LE VIEUX,mairie.mlv@wanadoo.fr,Seine-et-Marne
MOUY SUR SEINE,mairiemouysurseine@wanadoo.fr,Seine-et-Marne
NANDY,mairie@nandy.fr,Seine-et-Marne
NANGIS,contact@ville-nangis.fr,Seine-et-Marne
NANTEAU SUR ESSONNE,nanteau-sur-essonne@wanadoo.fr,Seine-et-Marne
NANTEAU SUR LUNAIN,mairie.nanteau@wanadoo.fr,Seine-et-Marne
NANTEUIL LES MEAUX,mairie@nanteuil-les-meaux.fr,Seine-et-Marne
NANTEUIL SUR MARNE,nanteuil-sur-marne@wanadoo.fr,Seine-et-Marne
NANTOUILLET,mairie.nantouillet@wanadoo.fr,Seine-et-Marne
NEMOURS,mairie@ville-nemours.fr,Seine-et-Marne
NEUFMOUTIERS EN BRIE,commune-de-neufmoutiers@wanadoo.fr,Seine-et-Marne
NOISIEL,public@mairie-noisiel.fr,Seine-et-Marne
NOISY RUDIGNON,noisy-rudignon-mairie@wanadoo.fr,Seine-et-Marne
NOISY SUR ECOLE,noisy-sur-ecole@orange.fr,Seine-et-Marne
NONVILLE,mairie.nonville@wanadoo.fr,Seine-et-Marne
NOYEN SUR SEINE,noyen.seine@wanadoo.fr,Seine-et-Marne
OBSONVILLE,mairie-obsonville@wanadoo.fr,Seine-et-Marne
OCQUERRE,ocquerre@paysdelourcq.fr,Seine-et-Marne
OISSERY,oissery.secretariat@gmail.com,Seine-et-Marne
ORLY SUR MORIN,mairie@orly77.fr,Seine-et-Marne
ORMESSON,mairie.ormesson77@wanadoo.fr,Seine-et-Marne
OTHIS,dgs@othis.fr,Seine-et-Marne
OZOIR LA FERRIERE,contact@mairie-ozoir-la-ferriere.fr,Seine-et-Marne
OZOUER LE VOULGIS,secretariat@ozouer-le-voulgis.fr,Seine-et-Marne
PALEY,mairie.paley77@wanadoo.fr,Seine-et-Marne
PAMFOU,mairie.de.pamfou@wanadoo.fr,Seine-et-Marne
PAROY,mairie.paroy@wanadoo.fr,Seine-et-Marne
PASSY SUR SEINE,"",Seine-et-Marne
PECY,mairie.pecy@wanadoo.fr,Seine-et-Marne
PENCHARD,mairiedepenchard@wanadoo.fr,Seine-et-Marne
PERTHES,mairie.perthes77@wanadoo.fr,Seine-et-Marne
PEZARCHES,pezarches.mairie@wanadoo.fr,Seine-et-Marne
PIERRE LEVEE,monsieurlemaire@pierre-levee.fr,Seine-et-Marne
POIGNY,mairie-poigny.77@wanadoo.fr,Seine-et-Marne
POINCY,mairie.poincy@wanadoo.fr,Seine-et-Marne
POLIGNY,villedepoligny.jura@wanadoo.fr,Seine-et-Marne
POMMEUSE,infos@pommeuse.org,Seine-et-Marne
POMPONNE,mairie.pomponne@wanadoo.fr,Seine-et-Marne
PONTAULT COMBAULT,maire@mairie-pontault-clt.fr,Seine-et-Marne
PONTCARRE,mairie.de.pontcarre@wanadoo.fr,Seine-et-Marne
PRECY SUR MARNE,mairie.precy.sur.marne@wanadoo.fr,Seine-et-Marne
PRESLES EN BRIE,mairie@preslesenbrie.eu,Seine-et-Marne
PRINGY,mairie.de.pringy@wanadoo.fr,Seine-et-Marne
PROVINS,contact@mairie-provins.fr,Seine-et-Marne
PUISIEUX,mairie-puisieux@wanadoo.fr,Seine-et-Marne
QUIERS,MAIRIE-QUIERS@wanadoo.fr,Seine-et-Marne
QUINCY VOISINS,mairie@quincy-voisins.fr,Seine-et-Marne
RAMPILLON,mairie.rampillon77@wanadoo.fr,Seine-et-Marne
REAU,mairie.de.reau@wanadoo.fr,Seine-et-Marne
REBAIS,Mairie.Rebais@wanadoo.fr,Seine-et-Marne
RECLOSES,mairie-recloses@wanadoo.fr,Seine-et-Marne
REMAUVILLE,mairie.remauville@wanadoo.fr,Seine-et-Marne
REUIL EN BRIE,mairie.reuil-en-brie@wanadoo.fr,Seine-et-Marne
ROISSY EN BRIE,webmaster@ville-roissy-en-brie.fr,Seine-et-Marne
ROUILLY,mairie-rouilly77@wanadoo.fr,Seine-et-Marne
ROUVRES,mairierouvres@wanadoo.fr,Seine-et-Marne
ROZAY EN BRIE,mairie.7@wanadoo.fr,Seine-et-Marne
RUBELLES,mairie-de-rubelles@wanadoo.fr,Seine-et-Marne
RUMONT,mairie.rumont77@laposte.net,Seine-et-Marne
RUPEREUX,mairie.rupereux@laposte.net,Seine-et-Marne
SAACY SUR MARNE,mairie-saacy-sur-marne@wanadoo.fr,Seine-et-Marne
SABLONNIERES,mairie.sablonnieres@wanadoo.fr,Seine-et-Marne
SAINT ANGE LE VIEL,saint.ange77@wanadoo.fr,Seine-et-Marne
SAINT AUGUSTIN,mairie-saintaugustin@wanadoo.fr,Seine-et-Marne
SAINT BARTHELEMY,mairie.st-barthelemy77@wanadoo.fr,Seine-et-Marne
SAINT BRICE,mairie-saint-brice@orange.fr,Seine-et-Marne
SAINT CYR SUR MORIN,mairie.stcyrsurmorin@wanadoo.fr,Seine-et-Marne
SAINT DENIS LES REBAIS,mairie.stdenislesrebais@wanadoo.fr,Seine-et-Marne
SAINTE AULDE,mairie@sainte-aulde.fr,Seine-et-Marne
SAINTE COLOMBE,mairie.ste.colombe@gmail.com,Seine-et-Marne
SAINT FARGEAU PONTHIERRY,contact@saint-fargeau-ponthierry.fr,Seine-et-Marne
SAINT FIACRE,mairie.saint.fiacre77@wanadoo.fr,Seine-et-Marne
SAINT GERMAIN LAVAL,mairie.st-germain-laval77@laposte.net,Seine-et-Marne
SAINT GERMAIN LAXIS,mairie-st-germain-laxis@wanadoo.fr,Seine-et-Marne
SAINT GERMAIN SOUS DOUE,"",Seine-et-Marne
SAINT GERMAIN SUR ECOLE,mairie-st-germain-sur-ecole@wanadoo.fr,Seine-et-Marne
SAINT GERMAIN SUR MORIN,mairie.st-germain-sur-morin@wanadoo.fr,Seine-et-Marne
SAINT HILLIERS,mairie@sainthilliers.com,Seine-et-Marne
SAINT JEAN LES DEUX JUMEAUX,mairie-st-jean-les-2-jumeaux@wanadoo.fr,Seine-et-Marne
SAINT JUST EN BRIE,mairie-saint-just-en-brie@wanadoo.fr,Seine-et-Marne
SAINT LEGER,"",Seine-et-Marne
SAINT LOUP DE NAUD,maire.saint.loup.de.naud@wanadoo.fr,Seine-et-Marne
SAINT MAMMES,ville.de.saint-mammes@wanadoo.fr,Seine-et-Marne
SAINT MARD,mairie@saintmard77.fr,Seine-et-Marne
SAINT MARS VIEUX MAISONS,mairie.saintmarsvieuxmaisons@wanadoo.fr,Seine-et-Marne
SAINT MARTIN DES CHAMPS,commune-saint-martin-des-champs@wanadoo.fr,Seine-et-Marne
SAINT MARTIN DU BOSCHET,mairie.stmartinduboschet1@orange.fr,Seine-et-Marne
SAINT MARTIN EN BIERE,smb.mairie@wanadoo.fr,Seine-et-Marne
SAINT MERY,mairie.saint-mery@wanadoo.fr,Seine-et-Marne
SAINT MESMES,mairiesaintmesmes@wanadoo.fr,Seine-et-Marne
SAINT OUEN EN BRIE,mairie-de-saint-ouen-en-brie@wanadoo.fr,Seine-et-Marne
SAINT OUEN SUR MORIN,mairie-saint-ouen-sur-morin@wanadoo.fr,Seine-et-Marne
SAINT PATHUS,maire@saint-pathus.fr,Seine-et-Marne
SAINT PIERRE LES NEMOURS,mairie.stpierrelesnemours@wanadoo.fr,Seine-et-Marne
SAINT REMY LA VANNE,secretariat@saint-remy77.fr,Seine-et-Marne
SAINTS,mairie.saints@wanadoo.fr,Seine-et-Marne
SAINT SAUVEUR LES BRAY,mairie.stsauveurlesbray@wanadoo.fr,Seine-et-Marne
SAINT SAUVEUR SUR ECOLE,mairie-stsauveur-sur-ecole@wanadoo.fr,Seine-et-Marne
SAINT SIMEON,commune-de-st-simeon@wanadoo.fr,Seine-et-Marne
SAINT SOUPPLETS,mairie@saint-soupplets.fr,Seine-et-Marne
SAINT THIBAULT DES VIGNES,contact@ville-st-thibault.fr,Seine-et-Marne
SALINS,mairiedesalins77@wanadoo.fr,Seine-et-Marne
SAMMERON,mairie-sammeron@wanadoo.fr,Seine-et-Marne
SAMOIS SUR SEINE,mairie.samois@wanadoo.fr,Seine-et-Marne
SAMOREAU,mairie-de-samoreau@wanadoo.fr,Seine-et-Marne
SANCY LES MEAUX,"",Seine-et-Marne
SANCY LES PROVINS,mairie.sancy-les-provins@laposte.net,Seine-et-Marne
SAVIGNY LE TEMPLE,messages@savigny-le-temple.fr,Seine-et-Marne
SAVINS,mairiedesavins@wanadoo.fr,Seine-et-Marne
SEINE PORT,mairie.seineport@wanadoo.fr,Seine-et-Marne
SEPT SORTS,mairie@sept-sorts.fr,Seine-et-Marne
SERRIS,contact@mairie-serris.net,Seine-et-Marne
SERVON,mairie.servon@wanadoo.fr,Seine-et-Marne
SIGNY SIGNETS,mairie-de-signy-signets@wanadoo.fr,Seine-et-Marne
SIGY,mairie.sigy@wanadoo.fr,Seine-et-Marne
SIVRY COURTRY,mairie@sivry-courtry.fr,Seine-et-Marne
SOGNOLLES EN MONTOIS,mairie.sognollesmontois@wanadoo.fr,Seine-et-Marne
SOIGNOLLES EN BRIE,"",Seine-et-Marne
SOISY BOUY,mairie-soisybouy.77@wanadoo.fr,Seine-et-Marne
SOLERS,mairie.solers@wanadoo.fr,Seine-et-Marne
SOUPPES SUR LOING,mairie.souppes@gmail.com,Seine-et-Marne
SOURDUN,mairie.sourdun@wanadoo.fr,Seine-et-Marne
TANCROU,tancrou@paysdelourcq.fr,Seine-et-Marne
THENISY,secretariat@mairiedethenisy.fr,Seine-et-Marne
THIEUX,mairie.thieux@wanadoo.fr,Seine-et-Marne
THOMERY,mairie.thomery@wanadoo.fr,Seine-et-Marne
THORIGNY SUR MARNE,mairie@thorigny.fr,Seine-et-Marne
THOURY FEROTTES,"",Seine-et-Marne
TIGEAUX,mairie.tigeaux@wanadoo.fr,Seine-et-Marne
TORCY,info@ville-torcy.fr,Seine-et-Marne
TOUQUIN,mairie.touquin@wanadoo.fr,Seine-et-Marne
TOURNAN EN BRIE,info@tournan-en-brie.fr,Seine-et-Marne
TOUSSON,mairie.tousson@laposte.net,Seine-et-Marne
TREUZY LEVELAY,mairie.treuzylevelay@wanadoo.fr,Seine-et-Marne
TRILBARDOU,mairie.trilbardou@wanadoo.fr,Seine-et-Marne
TRILPORT,mairie.trilport@wanadoo.fr,Seine-et-Marne
TROCY EN MULTIEN,trocy-en-multien@paysdelourcq.fr,Seine-et-Marne
URY,mairie-ury@wanadoo.fr,Seine-et-Marne
USSY SUR MARNE,mairie-ussy-sur-marne@wanadoo.fr,Seine-et-Marne
VAIRES SUR MARNE,ville.vaires@vairessurmarne.fr ,Seine-et-Marne
VALENCE EN BRIE,mairievalence@voila.fr,Seine-et-Marne
VANVILLE,mairie-de-vanville77@wanadoo.fr,Seine-et-Marne
VARENNES SUR SEINE,mairie.varennes77@wanadoo.fr,Seine-et-Marne
VARREDDES,mairie.varreddes@wanadoo.fr,Seine-et-Marne
VAUCOURTOIS,mairiedevaucourtois@wanadoo.fr,Seine-et-Marne
VAUDOY EN BRIE,vaudoy-en-brie@wanadoo.fr,Seine-et-Marne
VAUX LE PENIL,secretariat.du.maire@mairie-vaux-le-penil.fr,Seine-et-Marne
VAUX SUR LUNAIN,mairie.vauxsurlunain@wanadoo.fR,Seine-et-Marne
VENDREST,vendrest.mairie@wanadoo.fr,Seine-et-Marne
VENEUX LES SABLONS,accueil@veneuxlessablons.fr,Seine-et-Marne
VERDELOT,"",Seine-et-Marne
VERNEUIL L ETANG,secretariat@mairie-verneuil77.fr,Seine-et-Marne
VERNOU LA CELLE SUR SEINE,mairie@mairie-vernou-celle77.fr,Seine-et-Marne
VERT SAINT DENIS,mairie@vert-saint-denis.fr,Seine-et-Marne
VIEUX CHAMPAGNE,mairievieuxchampagne@orange.fr,Seine-et-Marne
VIGNELY,mairie.vignely@laposte.net,Seine-et-Marne
VILLEBEON,villebeon.mairie@wanadoo.fr,Seine-et-Marne
VILLECERF,mairie.villecerf@wanadoo.fr,Seine-et-Marne
VILLEMARECHAL,commune.villemarechal@orange.fr,Seine-et-Marne
VILLEMAREUIL,jean-francois.orlandi@endel.fr,Seine-et-Marne
VILLEMER,mairie.villemer@wanadoo.fr,Seine-et-Marne
VILLENAUXE LA PETITE,mairie.villenauxe77@wanadoo.fr,Seine-et-Marne
VILLENEUVE LE COMTE,villeneuve-le-comte.mairie@wanadoo.fr,Seine-et-Marne
VILLENEUVE LES BORDES,"",Seine-et-Marne
VILLENEUVE SAINT DENIS,villeneuvesaintdenis.mairie@wanadoo.fr,Seine-et-Marne
VILLENEUVE SOUS DAMMARTIN,mairie-villeneuve-dammartin@wanadoo.fr,Seine-et-Marne
VILLENEUVE SUR BELLOT,synd-secret-vpm@wanadoo.fr,Seine-et-Marne
VILLENOY,mairie.villenoy@wanadoo.fr,Seine-et-Marne
VILLEPARISIS,com@mairie-villeparisis.fr,Seine-et-Marne
VILLEROY,mairie-villeroy-77@wanadoo.fr,Seine-et-Marne
VILLE SAINT JACQUES,mairie.ville.st.jacques@wanadoo.fr,Seine-et-Marne
VILLEVAUDE,communevillevaude@wanadoo.fr,Seine-et-Marne
VILLIERS EN BIERE,mairie.de.villiers.en.biere@wanadoo.fr,Seine-et-Marne
VILLIERS SAINT GEORGES,villiers-st-georges@wanadoo.fr,Seine-et-Marne
VILLIERS SOUS GREZ,villierssousgrez@wanadoo.fr,Seine-et-Marne
VILLIERS SUR MORIN,mairiedevillierssurmorin@wanadoo.fr,Seine-et-Marne
VILLIERS SUR SEINE,mairie-de-villiers-sur-seine@wanadoo.fr,Seine-et-Marne
VILLUIS,mairiedevilluispassy@wanadoo.fr,Seine-et-Marne
VIMPELLES,mairie.vimpelles@wanadoo.fr,Seine-et-Marne
VINANTES,vinantes2@wanadoo.fr,Seine-et-Marne
VINCY MANOEUVRE,mairie.vincy-manoeuvre@wanadoo.fr,Seine-et-Marne
VOINSLES,mairie.voinsles@wanadoo.fr,Seine-et-Marne
VOISENON,mairie-voisenon@wanadoo.fr,Seine-et-Marne
VOULANGIS,mairie.voulangis@wanadoo.fr,Seine-et-Marne
VOULTON,mairie.voulton@laposte.net,Seine-et-Marne
VOULX,mairie.de.voulx@wanadoo.fr,Seine-et-Marne
VULAINES LES PROVINS,mairie-de-vulaines@wanadoo.fr,Seine-et-Marne
VULAINES SUR SEINE,mairie-de-vulaines@wanadoo.fr,Seine-et-Marne
YEBLES,mairie.yebles@wanadoo.fr,Seine-et-Marne
AIGALIERS,mairie.aigaliers@wanadoo.fr,Gard
AIGREMONT,mairie-daigremont@wanadoo.fr,Gard
AIGUES MORTES,contact@ville-aigues-mortes.fr,Gard
AIGUES VIVES,mairie@aigues-vives.fr,Gard
AIGUEZE,mairie.aigueze@wanadoo.fr,Gard
AIMARGUES,murielrigard@aimargues.fr,Gard
ALES,communication@ville-ales.net,Gard
ALLEGRE LES FUMADES,mairie.allegre-les-fumades@wanadoo.fr,Gard
ALZON,mairie.alzon@wanadoo.fr,Gard
ANDUZE,contact@mairie-anduze.com,Gard
ARAMON,mairie.aramon@wanadoo.fr,Gard
ARGILLIERS,mairie.argilliers@orange.fr,Gard
ARPAILLARGUES ET AUREILLAC,contact@arpaillargues-aureilhac.fr,Gard
ARPHY,mairie.arphy@wanadoo.fr,Gard
ARRE,commune.arre@wanadoo.fr,Gard
ARRIGAS,mairie.arrigas@wanadoo.fr,Gard
ASPERES,mairie-asperes@wanadoo.fr,Gard
AUBAIS,contact.mairie@aubais.fr,Gard
AUBORD,mairie.aubord@wanadoo.fr,Gard
AUBUSSARGUES,aubussargues@orange.fr,Gard
AUJAC,aujac.mairie@meshnet.fr,Gard
AUJARGUES,mairie-aujargues@wanadoo.fr,Gard
AULAS,mairie.aulas@wanadoo.fr,Gard
AUMESSAS,mairieaumessas@wanadoo.fr,Gard
AVEZE,maveze@wanadoo.fr,Gard
BAGARD,accueil@ville-de-bagard.fr,Gard
BAGNOLS SUR CEZE,mairie@bagnolssurceze.fr,Gard
BARJAC,mairie.barjac@wanadoo.fr,Gard
BARON,maire30700baron@orange.fr,Gard
BEAUCAIRE,webmestre@beaucaire.fr,Gard
BEAUVOISIN,accueil.beauvoisin@gmail.com,Gard
BELLEGARDE,mairiebellegardegard@wanadoo.fr,Gard
BELVEZET,mairie.belvezet@wanadoo.fr,Gard
BERNIS,mairie.bernis@wanadoo.fr,Gard
BESSEGES,mairie-de-besseges@wanadoo.fr,Gard
BEZ ET ESPARON,commune-bez-et-esparon@wanadoo.fr,Gard
BEZOUCE,mairie@bezouce.org,Gard
BLANDAS,"",Gard
BLAUZAC,mairie.blauzac@wanadoo.fr,Gard
BOISSET ET GAUJAC,mairie.boissetetgaujac@wanadoo.fr,Gard
BOISSIERES,mairie-boissieres@wanadoo.fr,Gard
BONNEVAUX,mairie.bonnevaux@free.fr,Gard
BORDEZAC,mairie.bordezac@wanadoo.fr,Gard
BOUCOIRAN ET NOZIERES,mairie.boucoiran@wanadoo.fr,Gard
BOUILLARGUES,mairie.bouillargues@wanadoo.fr,Gard
BOUQUET,mairie.bouquet@wanadoo.fr,Gard
BOURDIC,mairie.bourdic@laposte.net,Gard
BRAGASSARGUES,mairie.braga@wanadoo.fr,Gard
BRANOUX LES TAILLADES,mairie-branoux.les.taillades@wanadoo.fr,Gard
BREAU ET SALAGOSSE,mairie.breau.et.salagosse@wanadoo.fr,Gard
BRIGNON,ville.brignon@wanadoo.fr,Gard
BROUZET LES ALES,mairiebla@wanadoo.fr,Gard
BROUZET LES QUISSAC,mairie.brouzet@wanadoo.fr,Gard
CABRIERES,mairiecabrieres@wanadoo.fr,Gard
CAISSARGUES,mairie.caissargues@wanadoo.fr,Gard
CALVISSON,calvisson@wanadoo.fr,Gard
CAMPESTRE ET LUC,mairie-campestre@orange.fr,Gard
CANAULES ET ARGENTIERES,canaules.argentieres@orange.fr,Gard
CANNES ET CLAIRAN,mairie-cannesclairan@wanadoo.fr,Gard
CARDET,mairiedecardet@orange.fr,Gard
CARNAS,mairie@carnas.fr,Gard
CARSAN,mairie.carsan@wanadoo.fr,Gard
CASSAGNOLES,mairie.cassagnoles@wanadoo.fr,Gard
CASTELNAU VALENCE,mairie.castelnau.valence@wanadoo.fr,Gard
CASTILLON DU GARD,mairie@castillondugard.fr,Gard
CAUSSE BEGON,mairie.caussebegon@orange.fr,Gard
CAVEIRAC,contact@mairie-caveirac.fr ,Gard
CAVILLARGUES,mairie-cavillargues@nordnet.fr,Gard
CENDRAS,mairie-cendras@wanadoo.fr,Gard
CHAMBON,mairie-du-chambon@wanadoo.fr,Gard
CHAMBORIGAUD,mairie.chamborigaud@wanadoo.fr,Gard
CHUSCLAN,mairie.chusclan@chusclan.fr,Gard
CLARENSAC,mairie.clarensac@wanadoo.fr,Gard
CODOGNAN,mairie.codognan@wanadoo.fr,Gard
CODOLET,mairie@codolet.fr,Gard
COLLIAS,la-mairie-de-collias@wanadoo.fr,Gard
COLLORGUES,mairie.collorgues@wanadoo.fr,Gard
COLOGNAC,mairie-colognac@wanadoo.fr,Gard
COMBAS,combas.gard@wanadoo.fr,Gard
COMPS,mairie.de.comps@wanadoo.fr,Gard
CONCOULES,mairie.concoules@orange.fr,Gard
CONGENIES,mairie.congenies@wanadoo.fr,Gard
CONNAUX,mairie-connaux@wanadoo.fr,Gard
CONQUEYRAC,mairiedeconqueyrac@wanadoo.fr,Gard
CORBES,mairie@corbes.fr,Gard
CORCONNE,corconne@wanadoo.fr,Gard
CORNILLON,mairie-cornillon@wanadoo.fr,Gard
COURRY,mairiecourry@orange.fr,Gard
CRESPIAN,"",Gard
CROS,communecros@nordnet.fr,Gard
CRUVIERS LASCOURS,ville-cruviers-lascours@wanadoo.fr,Gard
DEAUX,mairie.deaux@orange.fr,Gard
DIONS,charpico@wanadoo.fr,Gard
DOMAZAN,mairie-domazan@wanadoo.fr,Gard
DOMESSARGUES,"",Gard
DOURBIES,mairiededourbies@orange.fr,Gard
DURFORT ET ST MARTIN DE SOSSEN,mairie.durfort@wanadoo.fr,Gard
ESTEZARGUES,estezargues.mairie@wanadoo.fr,Gard
EUZET,commune.euzet@wanadoo.fr,Gard
FLAUX,mairiedeflaux@wanadoo.fr,Gard
FOISSAC,mairie.foissac@laposte.net,Gard
FONS,mairie.fons.outre.gardon@wanadoo.fr,Gard
FONS SUR LUSSAN,mairie.fonsurlussan@wanadoo.fr,Gard
FONTANES,fontanes30@wanadoo.fr,Gard
FONTARECHES,communedefontareches@wanadoo.fr,Gard
FOURNES,mairiedefournes@wanadoo.fr,Gard
FOURQUES,mairie.fourques@worldonline.fr,Gard
FRESSAC,mairie.fressac@laposte.net,Gard
GAGNIERES,mairie.gagnieres@laposte.net,Gard
GAILHAN,gailhan@wanadoo.fr,Gard
GAJAN,mairie.gajan@wanadoo.fr,Gard
GALLARGUES LE MONTUEUX,mairie@gallargues.fr,Gard
GARONS,secretariat@garons.fr,Gard
GARRIGUES SAINTE EULALIE,garrigues.ste.eulalie@wanadoo.fr,Gard
GAUJAC,mairie-gaujac@wanadoo.fr,Gard
GENERAC,mairiegenerac@yahoo.fr,Gard
GENERARGUES,mairie.generargues@wanadoo.fr,Gard
GENOLHAC,maire@mairie-genolhac.com,Gard
GOUDARGUES,mairie.goudargues@wanadoo.fr,Gard
ISSIRAC,issirac@wanadoo.fr,Gard
JONQUIERES SAINT VINCENT,mairie.jonquieres.stvincent@wanadoo.fr,Gard
JUNAS,mairie-de-junas@wanadoo.fr,Gard
LA BASTIDE D ENGRAS,la-bastide-dengras@wanadoo.fr,Gard
LA BRUGUIERE,commune-la-bruguiere@orange.fr,Gard
LA CADIERE ET CAMBO,commune.cadiere.cambo@orange.fr,Gard
LA CALMETTE,mairie.lacalmette@wanadoo.fr,Gard
LA CAPELLE ET MASMOLENE,lacapelle.masmolene@gmail.com,Gard
LA GRAND COMBE,mairie@lagrandcombe.fr,Gard
LAMELOUZE,communedelamelouze@orange.fr,Gard
LANGLADE,"",Gard
LANUEJOLS,mairie@lanuejols.com,Gard
LA ROQUE SUR CEZE,mairie.laroquesurceze@wanadoo.fr,Gard
LA ROUVIERE,mairie.rouviere@wanadoo.fr,Gard
LASALLE,mairielasalle@wanadoo.fr,Gard
LAUDUN L ARDOISE,fvaneecloo@laudunlardoise.fr,Gard
LAVAL PRADEL,mairiedelavalpradel@wanadoo.fr,Gard
LAVAL SAINT ROMAN,communelavalstroman@wanadoo.fr,Gard
LA VERNAREDE,ville.lavernarede@wanadoo.fr,Gard
LE CAILAR,communelecailar@wanadoo.fr,Gard
LECQUES,mairie-de-lecques@wanadoo.fr,Gard
LEDENON,contact@mairie-de-ledenon.fr,Gard
LEDIGNAN,mairieledignan@wanadoo.fr,Gard
LE GARN,mairie-le-garn@wanadoo.fr,Gard
LE GRAU DU ROI,communication@ville-legrauduroi.fr,Gard
LE MARTINET,mairie.lemartinet@wanadoo.fr,Gard
LE PIN,mairie-le-pin2@wanadoo.fr,Gard
LES ANGLES,contact@lesangles30.eu,Gard
LES MAGES,mairie.les.mages@wanadoo.fr,Gard
LES PLANS,commune-les-plans@orange.fr,Gard
LES PLANTIERS,les.plantiers@wanadoo.fr,Gard
LES SALLES DU GARDON,info@comune.saint-vincent.ao.it,Gard
L ESTRECHURE,mairie.l-estrechure@wanadoo.fr,Gard
LE VIGAN,mairie-le-vigan@wanadoo.fr,Gard
LEZAN,mairie.lezan@wanadoo.fr,Gard
LIOUC,mairie.de.liouc@wanadoo.fr,Gard
LIRAC,infos@mairie-lirac.com,Gard
LOGRIAN FLORIAN,mairielogrian@orange.fr,Gard
LUSSAN,mairie-de-lussan@wanadoo.fr,Gard
MALONS ET ELZE,malonsetelze@nordnet.fr,Gard
MANDAGOUT,mairie.mandagout@wanadoo.fr,Gard
MANDUEL,mairiedemanduel@wanadoo.fr,Gard
MARGUERITTES,marguerittes.mairie@wanadoo.fr,Gard
MARS,mairie.mars@wanadoo.fr,Gard
MARTIGNARGUES,communedemartignargues@wanadoo.fr,Gard
MARUEJOLS LES GARDON,mairie-maruejolslesgardon@orange.fr,Gard
MASSANES,mairie.massanes@wanadoo.fr,Gard
MASSILLARGUES ATTUECH,mairie.massillargues-atuech@wanadoo.fr,Gard
MAURESSARGUES,mairie.mauressargues@laposte.net,Gard
MEJANNES LE CLAP,mairie.mejannesclap@orange.fr,Gard
MEJANNES LES ALES,mairie.mejanneslesales@wanadoo.fr,Gard
MEYNES,mairiedemeynes@wanadoo.fr,Gard
MEYRANNES,mairie.meyrannes@wanadoo.fr,Gard
MIALET,communedemialet@wanadoo.fr,Gard
MILHAUD,ville.milhaud@wanadoo.fr,Gard
MOLIERES CAVAILLAC,mairie.molieres-cavaillac@wanadoo.fr,Gard
MOLIERES SUR CEZE,mairie.molieres.sur.ceze@wanadoo.fr,Gard
MONOBLET,communedemonoblet@wanadoo.fr,Gard
MONS,"",Gard
MONTAGNAC,mairie-montagnac@orange.fr,Gard
MONTAREN ET SAINT MEDIERS,communication.mairie.montaren@orange.fr,Gard
MONTCLUS,mairie.montclus@wanadoo.fr,Gard
MONTDARDIER,mairiemontdardier@orange.fr,Gard
MONTEILS,mairie.monteils@wanadoo.fr,Gard
MONTFAUCON,montfaucon.accueil@orange.fr,Gard
MONTFRIN,montfrin.mairie@orange.fr,Gard
MONTIGNARGUES,mairiedemontignargues@wanadoo.fr,Gard
MONTMIRAT,mairie-montmirat@wanadoo.fr,Gard
MONTPEZAT,mairie.montpezat@wanadoo.fr,Gard
MOULEZAN,mairiemoulezan@wanadoo.fr,Gard
MOUSSAC,mairie.moussac@orange.fr,Gard
MUS,mairie.mus@wanadoo.fr,Gard
NAGES ET SOLORGUES,mairie-de-nages-et-solorgues@wanadoo.fr,Gard
NAVACELLES,mairie.navacelles@orange.fr,Gard
NERS,mairiedeners@orange.fr,Gard
NIMES,webmaster@ville-nimes.fr,Gard
NOTRE DAME DE LA ROUVIERE,notredamedelarouviere@wanadoo.fr,Gard
ORSAN,mairie.orsan@wanadoo.fr,Gard
ORTHOUX SERIGNAC QUILHAN,mairie.orthoux.serignac@wanadoo.fr,Gard
PARIGNARGUES,mairie.parignargues@wanadoo.fr,Gard
PEYREMALE,mairie.peyremale@wanadoo.fr,Gard
PEYROLES,peyrolles.mairie@wanadoo.fr,Gard
POMMIERS,mairie.pommiers30@orange.fr,Gard
POMPIGNAN,mairie.de.pompignan@wanadoo.fr,Gard
PONTEILS ET BRESIS,communeponteilsetbresis@wanadoo.fr,Gard
PONT SAINT ESPRIT,mairie@mairiepse.fr,Gard
PORTES,mairie.portes@meshnet.fr,Gard
POTELIERES,mairie.potelieres@wanadoo.fr,Gard
POUGNADORESSE,pougnadoresse-mairie@wanadoo.fr,Gard
POULX,mairiedepoulx@ville-poulx.fr,Gard
POUZILHAC,commune.pouzilhac@wanadoo.fr,Gard
PUECHREDON,"",Gard
PUJAUT,mairie@pujaut.fr,Gard
QUISSAC,mairie-de-quissac@wanadoo.fr,Gard
REDESSAN,mairiederedessan@wanadoo.fr,Gard
REMOULINS,accueil.mairie.remoulins@wanadoo.fr,Gard
REVENS,mairie.de.revens@orange.fr,Gard
RIBAUTE LES TAVERNES,mairie.ribaute@orange.fr,Gard
RIVIERES,mairiederivieres30@wanadoo.fr,Gard
ROBIAC ROCHESSADOULE,robiac-rochessadoule@wanadoo.fr,Gard
ROCHEFORT DU GARD,mairie@ville-rochefortdugard.fr,Gard
ROCHEGUDE,mairiederochegude@wanadoo.fr,Gard
RODILHAN,MAIRIE-DE-RODILHAN@wanadoo.fr,Gard
ROGUES,maire.rogues@wanadoo.fr,Gard
ROQUEDUR,roquedur@wanadoo.fr,Gard
ROQUEMAURE,roquemaure.mairie@wanadoo.fr,Gard
ROUSSON,contact@mairie-rousson.com,Gard
SABRAN,mairie.sabran@wanadoo.fr,Gard
SAINT ALEXANDRE,communedestalexandre@wanadoo.fr,Gard
SAINT AMBROIX,mairie.stambroix@wanadoo.fr,Gard
SAINT ANDRE DE MAJENCOULES,mairie.saintandredemajencoules@wanadoo.fr,Gard
SAINT ANDRE DE ROQUEPERTUIS,mairie@standrederoquepertuis.org,Gard
SAINT ANDRE DE VALBORGNE,mairie.valborgne@wanadoo.fr,Gard
SAINT ANDRE D OLERARGUES,mairie.standredolerargues@orange.fr,Gard
SAINT BAUZELY,mairie-stbauzely@wanadoo.fr,Gard
SAINT BENEZET,commune.saintbenezet@wanadoo.fr,Gard
SAINT BONNET DE SALENDRINQUE,mairie.saintbonnet@orange.fr,Gard
SAINT BONNET DU GARD,communedestbonnet@wanadoo.fr,Gard
SAINT BRES,mairiestbres@free.fr,Gard
SAINT BRESSON,mairie@saintbresson.net,Gard
SAINT CESAIRE DE GAUZIGNAN,mairiestcezairegauzignan@wanadoo.fr,Gard
SAINT CHAPTES,secretariat_mairie_stchaptes@orange.fr,Gard
SAINT CHRISTOL DE RODIERES,stchristolder@wanadoo.fr,Gard
SAINT CHRISTOL LES ALES,mairie@st-christol-lez-ales.fr,Gard
SAINT CLEMENT,commune-de-saintclement@wanadoo.fr,Gard
SAINT COME ET MARUEJOLS,mairie-saint-come@wanadoo.fr,Gard
SAINT DENIS,mairie.stdenis@libertysurf.fr,Gard
SAINT DEZERY,stdezery.mairie@wanadoo.fr,Gard
SAINT DIONIZY,mairie.saintdionisy@wanadoo.fr,Gard
SAINTE ANASTASIE,mairie.sainteanastasie30@wanadoo.fr,Gard
SAINTE CECILE D ANDORGE,mairie.saintececile@meshnet.fr,Gard
SAINTE CROIX DE CADERLE,mairie-ste-croix30@wanadoo.fr,Gard
SAINT ETIENNE DE L OLM,mairie.stetienne@cegetel.net,Gard
SAINT ETIENNE DES SORTS,commairiest@yahoo.fr,Gard
SAINT FELIX DE PALLIERES,mairie.st.felix.pallieres@wanadoo.fr,Gard
SAINT FLORENT SUR AUZONNET,saintflorent@wanadoo.fr,Gard
SAINT GENIES DE COMOLAS,mairie-st-genies@wanadoo.fr,Gard
SAINT GENIES DE MALGOIRES,mairiesaintgenies2@wanadoo.fr,Gard
SAINT GERVAIS,mairiestgervaisgard@wanadoo.fr,Gard
SAINT GERVASY,commune.saintgervasy@wanadoo.fr,Gard
SAINT GILLES,mairie.de.st.gilles@wanadoo.fr,Gard
SAINT HILAIRE DE BRETHMAS,mairie.saint.hilaire.de.brethmas@wanadoo.fr,Gard
SAINT HILAIRE D OZILHAN,mairiesainthilairedozilhan@wanadoo.fr,Gard
SAINT HIPPOLYTE DE CATON,sthippo.mairie@wanadoo.fr,Gard
SAINT HIPPOLYTE DE MONTAIGU,mairie.sthippolytedemontaigu@orange.fr,Gard
SAINT HIPPOLYTE DU FORT,mairie.sthippo@wanadoo.fr,Gard
SAINT JEAN DE CEYRARGUES,stjeandeceyrargues@orange.fr,Gard
SAINT JEAN DE CRIEULON,"",Gard
SAINT JEAN DE MARUEJOLS/AVEJAN,"",Gard
SAINT JEAN DE SERRES,mairie-st-jean-de-serres@orange.fr,Gard
SAINT JEAN DE VALERISCLE,mairie.sjv@wanadoo.fr,Gard
SAINT JEAN DU GARD,webinfo@ville-saintjeandugard.fr,Gard
SAINT JEAN DU PIN,mairie.sjdpin@orange.fr,Gard
SAINT JULIEN DE CASSAGNAS,mairie.stjuliendecassagnas@wanadoo.fr,Gard
SAINT JULIEN DE LA NEF,saint.julien@free.fr,Gard
SAINT JULIEN DE PEYROLAS,mairie.stjuliendepeyrolas@wanadoo.fr,Gard
SAINT JULIEN LES ROSIERS,mairie-les-rosiers@wanadoo.fr,Gard
SAINT JUST ET VACQUIERES,"",Gard
SAINT LAURENT D AIGOUZE,contact@ville-saint-laurent-daigouze.fr,Gard
SAINT LAURENT DE CARNOLS,mairie@carnols.org,Gard
SAINT LAURENT DES ARBRES,mairie.stlaurentdesarbres@wanadoo.fr,Gard
SAINT LAURENT LA VERNEDE,mairie.stlaurent-lavernede@wanadoo.fr,Gard
SAINT LAURENT LE MINIER,saintlaurentleminier@wanadoo.fr,Gard
SAINT MAMERT DU GARD,mairie@st-mamertdugard.fr,Gard
SAINT MARCEL DE CAREIRET,commune.stmarceldecareiret@wanadoo.fr,Gard
SAINT MARTIAL,"",Gard
SAINT MARTIN DE VALGALGUES,mairie.30520@wanadoo.fr,Gard
SAINT MAURICE DE CAZEVIEILLE,mairie.st-maurice-de-cazevieille@wanadoo.fr,Gard
SAINT MAXIMIN,contact@mairiestmaximin.fr,Gard
SAINT MICHEL D EUZET,saint.michel.deuzet@wanadoo.fr,Gard
SAINT NAZAIRE,mairiestnazaire@wanadoo.fr,Gard
SAINT NAZAIRE DES GARDIES,mairiedestnazairedesgardies@nordnet.fr,Gard
SAINT PAULET DE CAISSON,mairie.stpaulet@free.fr,Gard
SAINT PAUL LA COSTE,mairie-st-paul-la-coste@meshnet.fr,Gard
SAINT PAUL LES FONTS,secretariat@mairie-saintpaullesfonts.fr,Gard
SAINT PONS LA CALM,communesaintponslacalm@wanadoo.fr,Gard
SAINT PRIVAT DE CHAMPCLOS,mairie.stprivatdechampclos@wanadoo.fr,Gard
SAINT PRIVAT DES VIEUX,mairie@ville-st-privat-des-vieux.com,Gard
SAINT QUENTIN LA POTERIE,mairiesaintquentinlapoterie@wanadoo.fr,Gard
SAINT ROMAN DE CODIERES,mairiestroman@orange.fr,Gard
SAINT SAUVEUR CAMPRIEU,stsauveur.camprieu@free.fr,Gard
SAINT SEBASTIEN D AIGREFEUILLE,mairiedesaintsebastien@wanadoo.fr,Gard
SAINT SIFFRET,st-siffret.mairie@wanadoo.fr,Gard
SAINT THEODORIT,mairiesttheodorit@wanadoo.fr,Gard
SAINT VICTOR DE MALCAP,mairie@st-victor.fr,Gard
SAINT VICTOR DES OULES,st-victor.mairie@wanadoo.fr,Gard
SAINT VICTOR LA COSTE,contact@saintvictorlacoste.com,Gard
SALAZAC,mairie.salazac@wanadoo.fr,Gard
SALINDRES,accueil@mairie-salindres.fr,Gard
SALINELLES,commune.salinelles@orange.fr,Gard
SANILHAC SAGRIES,sanilhac.mairie@wanadoo.fr,Gard
SARDAN,mairiesardan@orange.fr,Gard
SAUMANE,mairie.saumane@orange.fr,Gard
SAUVE,mairie@ville-de-sauve.fr,Gard
SAUVETERRE,mairiesauveterre@wanadoo.fr,Gard
SAUZET,communedesauzet@wanadoo.fr,Gard
SAVIGNARGUES,commune.savignargues@wanadoo.fr,Gard
SAZE,communedesaze@wanadoo.fr,Gard
SENECHAS,mairie.senechas@wanadoo.fr,Gard
SERNHAC,mairie-sernhac@wanadoo.fr,Gard
SERVAS,"",Gard
SERVIERS ET LABAUME,mairie.serviers-labaume@wanadoo.fr,Gard
SEYNES,mairie@seynes.org,Gard
SOMMIERES,mairie-sommieres@wanadoo.fr,Gard
SOUDORGUES,soudorgues@free.fr,Gard
SOUSTELLE,"",Gard
SOUVIGNARGUES,commune.de.souvignargues@wanadoo.fr,Gard
SUMENE,mairie-de-sumene@wanadoo.fr,Gard
TAVEL,mairie@tavel.tm.fr,Gard
THARAUX,mairie.tharaux@wanadoo.fr,Gard
THEZIERS,mairie.theziers@wanadoo.fr,Gard
THOIRAS,thoiras30.mairie@wanadoo.fr,Gard
TORNAC,mairie@tornac.fr,Gard
TRESQUES,mairie.tresques@wanadoo.fr,Gard
TREVES,mairie.treves@wanadoo.fr,Gard
UCHAUD,accueil@ville-uchaud.fr,Gard
UZES,communication.uzes@gmail.com,Gard
VABRES,mairie30-vabres@wanadoo.fr,Gard
VALLABREGUES,communedevallabregues@wanadoo.fr,Gard
VALLABRIX,mairie.vallabrix@wanadoo.fr,Gard
VALLERARGUES,mairiedevallerargues@wanadoo.fr,Gard
VALLERAUGUE,valleraugue.mairie@wanadoo.fr,Gard
VALLIGUIERES,valliguieres.mairie@wanadoo.fr,Gard
VAUVERT,mairie@vauvert.com,Gard
VENEJAN,mairie.venejan@wanadoo.fr,Gard
VERFEUIL,mairie.verfeuil064@orange.fr,Gard
VERGEZE,info@vergeze.fr,Gard
VERS PONT DU GARD,contact@vers-pont-du-gard.fr,Gard
VESTRIC ET CANDIAC,vestric@wanadoo.fr,Gard
VEZENOBRES,accueil@vezenobres.fr,Gard
VIC LE FESQ,mairieviclefesq@wanadoo.fr,Gard
VILLENEUVE LES AVIGNON,mairie-villeneuve-lez-avignon@wanadoo.fr,Gard
VILLEVIEILLE,commune-de-villevieille@wanadoo.fr,Gard
VISSEC,mairie.vissec@laposte.net,Gard
