AUBERVILLIERS,secretariat-general@mairie-Aubervilliers.fr,Seine-Saint-Denis,aubervilliers93
AULNAY SOUS BOIS,comexterne@aulnay-sous-bois.com,Seine-Saint-Denis,AulnaySousBois
BAGNOLET,mairie@ville-bagnolet.fr,Seine-Saint-Denis,BagnoletFR
BOBIGNY,comtown@comtown.com,Seine-Saint-Denis,villedebobigny
BONDY,cab-maire@ville-bondy.fr,Seine-Saint-Denis,VilledeBondy
CLICHY SOUS BOIS,webmaster@ville-clichy-sous-bois.fr,Seine-Saint-Denis,OlivierKlein93
COUBRON,cabinet.maire@coubron.fr ,Seine-Saint-Denis,LudovicToro
DRANCY,maire@drancy.fr,Seine-Saint-Denis,VilledeDrancy
DUGNY,cabmaire@mairie-dugny.fr,Seine-Saint-Denis,Langevin_Dugny
EPINAY SUR SEINE,communication@mairie-epinay93.fr,Seine-Saint-Denis,epinaysurseine
GAGNY,info@mairie-gagny.fr,Seine-Saint-Denis,VilleGagny
GOURNAY SUR MARNE,c.gonnet@gournay-sur-marne.fr,Seine-Saint-Denis,UMPGournay
LA COURNEUVE,maire@ville-la-courneuve.fr,Seine-Saint-Denis,La_Courneuve
LE BLANC MESNIL,lemensuel@ville-blanc-mesnil.fr,Seine-Saint-Denis,BlancMesnilinfo
LE BOURGET,service.communication@ville-lebourget.fr,Seine-Saint-Denis,MuseeAirEspace
LE PRE SAINT GERVAIS,communication@ville-du-pre-saint-gervais.fr,Seine-Saint-Denis,VilleduPre
LE RAINCY,leraincy@leraincy.com,Seine-Saint-Denis,le_raincy
LES LILAS,ville@leslilas.fr,Seine-Saint-Denis,daniel_guiraud
LES PAVILLONS SOUS BOIS,mairie@ville-pavillons-sous-bois.fr,Seine-Saint-Denis,brunobeschizza
L ILE SAINT DENIS,mairie@lile-saint-denis.fr,Seine-Saint-Denis,Ileentransition
LIVRY GARGAN,courriermaire@ville-de-livry-gargan.fr,Seine-Saint-Denis,LivryGargan93
MONTFERMEIL,elus@ville-montfermeil.fr,Seine-Saint-Denis,Montfermeil_off
MONTREUIL,site.internet@montreuil93.net,Seine-Saint-Denis,montreuil
NEUILLY PLAISANCE,contact@mairie-neuillyplaisance.com,Seine-Saint-Denis,NeuillyP
NEUILLY SUR MARNE,mairie.neuilly.marne@wanadoo.fr,Seine-Saint-Denis,NeuillysurMarne
NOISY LE GRAND,mairie@ville-noisylegrand.fr,Seine-Saint-Denis,PM_NLG
NOISY LE SEC,maire@noisylesec.fr,Seine-Saint-Denis,Ville_NLS
PANTIN,"",Seine-Saint-Denis,VilledePantin
PIERREFITTE SUR SEINE,mairie@mairie-pierrefitte-sur-seine.fr,Seine-Saint-Denis,Plainecommunep1
ROMAINVILLE,courrier@ville-romainville.fr,Seine-Saint-Denis,93Romainville
ROSNY SOUS BOIS,courrier@mairie-rosny-sous-bois.fr,Seine-Saint-Denis,Rosny_sous_Bois
SAINT DENIS,mairie.saint.denis@ville-saint-denis.fr,Seine-Saint-Denis,VilleSaintDenis
SAINT OUEN,etat-civil@mairie-saint-ouen.fr,Seine-Saint-Denis,villesaintouen
SEVRAN,grp_accueil@ville-sevran.fr,Seine-Saint-Denis,Sevranville
STAINS,courrier@stains.fr,Seine-Saint-Denis,VilledeStains
TREMBLAY EN FRANCE,services@tremblayenfrance.fr,Seine-Saint-Denis,TremblayHB
VAUJOURS,contact@ville-vaujours.fr,Seine-Saint-Denis,VilledeVaujours
VILLEMOMBLE,secretariat-general@mairie-villemomble.fr,Seine-Saint-Denis,Jean Michel BLUTEAU
VILLEPINTE,mairie@ville-villepinte.fr,Seine-Saint-Denis,VilleVillepinte
VILLETANEUSE,communication@mairie-villetaneuse.fr,Seine-Saint-Denis,Villetaneuse
ACHERES LA FORET,acheres.la.foret@wanadoo.fr,Seine-et-Marne,MairieAcheres
AMILLIS,mairieamillis@orange.fr,Seine-et-Marne,Darche_Gros
AMPONVILLE,mairie.amponville@wanadoo.fr,Seine-et-Marne,mairiedecerny
ANDREZEL,mairie.andrezel@wanadoo.fr,Seine-et-Marne,mairiedecerny
ANNET SUR MARNE,mairie-annet-sur-marne@wanadoo.fr,Seine-et-Marne,jablines
ARBONNE LA FORET,mairie.arbonnelaforet@wanadoo.fr,Seine-et-Marne,VilledeFbleau
ARGENTIERES,"",Seine-et-Marne,LBessee
ARMENTIERES EN BRIE,armentieres-en-brie@paysdelourcq.fr,Seine-et-Marne,Armentieresvill
ARVILLE,arville.mairie@wanadoo.fr,Seine-et-Marne,arvilletextiles
AUBEPIERRE OZOUER LE REPOS,mairie-aubepierre-ozouer@wanadoo.fr,Seine-et-Marne,mairiedecerny
AUFFERVILLE,mairie.aufferville@wanadoo.fr,Seine-et-Marne,Franck Bracquemart
AUGERS EN BRIE,mairie.augers-en-brie@laposte.net,Seine-et-Marne,AulnoyeBasket
AULNOY,mairie.aulnoy@orange.fr,Seine-et-Marne,TownofAvonIN
AVON,mairie@avon77.com,Seine-et-Marne,Paris
BABY,"",Seine-et-Marne,LeParisien_77
BAGNEAUX SUR LOING,mairie-bagneaux-sur-loing@wanadoo.fr,Seine-et-Marne,knetfr
BAILLY ROMAINVILLIERS,contact@bailly-romainvilliers.fr,Seine-et-Marne,LeguilleBalloy
BALLOY,mairie.balloy@laposte.net,Seine-et-Marne,TeoBarbey
BANNOST VILLEGAGNON,bannost-villegagnon@wanadoo.fr,Seine-et-Marne,OTFbleau
BARBEY,mairiedebarbey@wanadoo.fr,Seine-et-Marne,Economie_Gouv
BARBIZON,mairie-de-barbizon@wanadoo.fr,Seine-et-Marne,Franck Bracquemart
BARCY,mairie-barcy@wanadoo.fr,Seine-et-Marne,mairielevaudoue
BASSEVELLE,mairiebassevelle@wanadoo.fr,Seine-et-Marne,Pr√©fet de Seine-et-Marne
BAZOCHES LES BRAY,bazoches.mairie@wanadoo.fr,Seine-et-Marne,claudinemonteil
BEAUCHERY SAINT MARTIN,mairie.beauchery@orange.fr,Seine-et-Marne,FrancoisBELLOT
BEAUMONT DU GATINAIS,mairie.beaumont.du.gatinais@wanadoo.fr,Seine-et-Marne,CoopBeton
BEAUTHEIL,mairie-de-beautheil@wanadoo.fr,Seine-et-Marne,Mairiedu20
BEAUVOIR,beauvoir-mairie@wanadoo.fr,Seine-et-Marne,chateaublandy
BELLOT,"",Seine-et-Marne,Mairiedu20
BERNAY VILBERT,mairie-bernay-vilbert@wanadoo.fr,Seine-et-Marne,Franck Bracquemart
BETON BAZOCHES,mairie-de-beton-bazoches3@wanadoo.fr,Seine-et-Marne,DBarjou
BEZALLES,mairiebezalles@orange.fr,Seine-et-Marne,Mairiedu20
BLANDY,mairie@blandylestours.fr,Seine-et-Marne,Gilles_Battail
BLENNES,mairie.blennes@wanadoo.fr,Seine-et-Marne,genemachery
BOISDON,mairieboisdon@orange.fr,Seine-et-Marne,Mairiedu20
BOIS LE ROI,personnel@ville-boisleroi.fr,Seine-et-Marne,JMaireofficiel
BOISSETTES,mairie-de-boisettes@wanadoo.fr,Seine-et-Marne,mairiedecerny
BOISSISE LA BERTRAND,boissise-la-bertrand@wanadoo.fr,Seine-et-Marne,mairiedecerny
BOISSISE LE ROI,commune.de.boissise.le.roi@wanadoo.fr,Seine-et-Marne,Mairiedu20
BOISSY AUX CAILLES,mairie.boissy-aux-cailles@wanadoo.fr,Seine-et-Marne,genemachery
BOISSY LE CHATEL,denis.sarazin-charpentier@cades.fr,Seine-et-Marne,Boutigny91
BOITRON,"",Seine-et-Marne,Mairiedu20
BOMBON,mairie.bombon@wanadoo.fr,Seine-et-Marne,e_marcadet_bray
BOUGLIGNY,mairie.bougligny@wanadoo.fr,Seine-et-Marne,chantbrault
BOULANCOURT,mairie-boulancourt@wanadoo.fr,Seine-et-Marne,GilletFrederic
BOULEURS,mairiedebouleurs2@wanadoo.fr,Seine-et-Marne,mairiedecerny
BOURRON MARLOTTE,mairie-bourron-marlotte@wanadoo.fr,Seine-et-Marne,FannieBussieres
BOUTIGNY,boutigny-77@wanadoo.fr,Seine-et-Marne,VilledeBussy
BRANSLES,bransles.mairie@wanadoo.fr,Seine-et-Marne,ADEME
BRAY SUR SEINE,mairiedebraysurseine@orange.fr,Seine-et-Marne,bearucheton
BREAU,mairie-breau@wanadoo.fr,Seine-et-Marne,MonBlason
BRIE COMTE ROBERT,mairie@briecomterobert.fr,Seine-et-Marne,Epetitchottin
BROU SUR CHANTEREINE,mairie.brou77@wanadoo.fr,Seine-et-Marne,Franck Bracquemart
BURCY,burcy-mairie@wanadoo.fr,Seine-et-Marne,cessonsevigne
BUSSIERES,mairie.bussieres77@wanadoo.fr,Seine-et-Marne,PaysFbleau
BUSSY SAINT GEORGES,mairie@bussy-saint-georges.fr,Seine-et-Marne,SouadNejjari
BUSSY SAINT MARTIN,contact@bussy-saint-martin.com,Seine-et-Marne,MuseeClaudel
BUTHIERS,mairie.buthiers@wanadoo.fr,Seine-et-Marne,petitmaire
CANNES ECLUSE,mairie@cannes-ecluse.com,Seine-et-Marne,judge_marie
CARNETIN,mairie.carnetin@wanadoo.fr,Seine-et-Marne,MuseeClaudel
CELY,commune.cely@wanadoo.fr,Seine-et-Marne,amisdumusee2G
CERNEUX,mairie.cerneux@wanadoo.fr,Seine-et-Marne,Achampign
CESSON,contact@ville-cesson.fr,Seine-et-Marne,benoistapparu
CESSOY EN MONTOIS,mairiecessoyenmontois@wanadoo.fr,Seine-et-Marne,Mairiedu20
CHAILLY EN BIERE,mairie.de.chailly.en.biere@wanadoo.fr,Seine-et-Marne,Mairiedu20
CHAILLY EN BRIE,mairie.chaillyenbrie@wanadoo.fr,Seine-et-Marne,ChChampeaux
CHAINTREAUX,mairie.chaintreaux@wanadoo.fr,Seine-et-Marne,ChampsSurMarne
CHALAUTRE LA GRANDE,mairie-chalautre-la-gde@wanadoo.fr,Seine-et-Marne,pavillonbaltard
CHALAUTRE LA PETITE,mairie.chalautre.la.petite@wanadoo.fr,Seine-et-Marne,Immo_AL
CHALIFERT,mairiechalifert@wanadoo.fr,Seine-et-Marne,Mairiedu20
CHALMAISON,mairie-chalmaison@orange.fr,Seine-et-Marne,thierno75011
CHAMBRY,mairie-chambry@wanadoo.fr,Seine-et-Marne,Seine-et-Marne
CHAMIGNY,mairie-chamigny@wanadoo.fr,Seine-et-Marne,bibicheri
CHAMPAGNE SUR SEINE,accueil@champagne-sur-seine.fr,Seine-et-Marne,Crl10Jeunesse
CHAMPCENEST,mairie.champcenest@wanadoo.fr,Seine-et-Marne,chatenay77126
CHAMPDEUIL,commune.de.champdeuil@wanadoo.fr,Seine-et-Marne,mmerciersenat
CHAMPEAUX,mairie.champeaux.77@wanadoo.fr,Seine-et-Marne,Sdis77
CHAMPS SUR MARNE,courrier@ville-champssurmarne.fr,Seine-et-Marne,BrunoLeMaire
CHANGIS SUR MARNE,mairie.changis@wanadoo.fr,Seine-et-Marne,AssoSifflArt
CHANTELOUP EN BRIE,mairiechanteloup.e.b@wanadoo.fr,Seine-et-Marne,Mairiedu20
CHARMENTRAY,mairie.charmentray@wanadoo.fr,Seine-et-Marne,SBolatre
CHARNY,mairie.charny77@wanadoo.fr,Seine-et-Marne,VilleChelles
CHARTRETTES,mairie@mairie-chartrettes.fr ,Seine-et-Marne,GaelVaillant
CHARTRONGES,mairie-de-chartronges@wanadoo.fr,Seine-et-Marne,MarianneChenou
CHATEAUBLEAU,mairie.chateaubleau@wanadoo.fr,Seine-et-Marne,Serrisinfos
CHATEAU LANDON,mairie.chateaulandon@wanadoo.fr,Seine-et-Marne,JMaireofficiel
CHATENAY SUR SEINE,chatenay.mairie@wanadoo.fr,Seine-et-Marne,Jonathan_Wofsy
CHATENOY,mairie.chatenoy@wanadoo.fr,Seine-et-Marne,thi_loup
CHATILLON LA BORDE,chatillon.la.borde@wanadoo.fr,Seine-et-Marne,mairiedecerny
CHATRES,mairie.chatres@wanadoo.fr,Seine-et-Marne,ccclayesouilly
CHAUCONIN NEUFMONTIERS,chauconin-neufmontiers@wanadoo.fr,Seine-et-Marne,thierry_pouzol
CHAUFFRY,mairie-chauffry@wanadoo.fr,Seine-et-Marne,rezeg_hamida
CHAUMES EN BRIE,mairie-chaumes@wanadoo.fr,Seine-et-Marne,saintpierreple1
CHELLES,jp.planchou@chelles.fr,Seine-et-Marne,GuyGeoffroy
CHENOISE,mairie.chenoise@wanadoo.fr,Seine-et-Marne,YannCompan
CHENOU,"",Seine-et-Marne,MarneGondoireOT
CHESSY, mairie.chessy@wanadoo.fr ,Seine-et-Marne,InfosFrancaises
CHEVRAINVILLIERS,mairie.chevrainvilliers@wanadoo.fr,Seine-et-Marne,mairiedecerny
CHEVRU,Mairie.Chevru@wanadoo.fr,Seine-et-Marne,mpbadre
CHEVRY COSSIGNY,mairie.chevry@wanadoo.fr,Seine-et-Marne,Coulommiers_77
CHEVRY EN SEREINE,chevry.en.sereine@wanadoo.fr,Seine-et-Marne,mairiedecerny
CHOISY EN BRIE,MAIRIE.CHOISY-EN-BRIE@wanadoo.fr,Seine-et-Marne,MuseeClaudel
CITRY,mairie.citry@wanadoo.fr,Seine-et-Marne,CelineCazenave
CLAYE SOUILLY,abaignot@mairie-claye-souilly.fr,Seine-et-Marne,GardeMarie
CLOS FONTAINE,mairie.closfontaine@wanadoo.fr,Seine-et-Marne,mairiedecerny
COCHEREL,cocherel@paysdelourcq.fr,Seine-et-Marne,FCM77390
COLLEGIEN,kferrand@mairie-de-collegien.fr,Seine-et-Marne,Compl√©ment d'enqu√™te
COMBS LA VILLE,contact@mairie-combs-la-ville.fr,Seine-et-Marne,Mairiedu20
COMPANS,mairiedecompans@wanadoo.fr,Seine-et-Marne,Covage_IDF
CONCHES SUR GONDOIRE,conchesgondoire.mairie@wanadoo.fr,Seine-et-Marne,CregyRando
CONDE SAINTE LIBIAIRE,mairie.condestelibiaire@wanadoo.fr,Seine-et-Marne,JMaireofficiel
CONGIS SUR THEROUANNE,mairie.congis@wanadoo.fr,Seine-et-Marne,LeParisien_77
COUBERT,mairie.coubert@wanadoo.fr,Seine-et-Marne,LizySurOurcq
COUILLY PONT AUX DAMES,mairie.couilly@wanadoo.fr,Seine-et-Marne,MuseeClaudel
COULOMBS EN VALOIS,mairie.coulombs.valois@wanadoo.fr,Seine-et-Marne,Mairiedu20
COULOMMES,mairiedecoulommes@orange.fr,Seine-et-Marne,DagnyMusic
COULOMMIERS,d.g.s@coulommiers.fr,Seine-et-Marne,Dammarie_LesLys
COUPVRAY,mairie-coupvray@wanadoo.fr,Seine-et-Marne,Dammartingoele
COURCELLES EN BASSEE,mairie.courcelles-en-bassee@wanadoo.fr,Seine-et-Marne,DST_off
COURCHAMP,mairie.courchamp@laposte.net,Seine-et-Marne,JMaireofficiel
COURPALAY,courpalay@wanadoo.fr,Seine-et-Marne,mairiedecerny
COURQUETAINE,mairie.courquetaine@wanadoo.fr,Seine-et-Marne,jydiant
COURTACON,dfadin@terre-net.fr,Seine-et-Marne,Covage_IDF
COURTOMER,mairie.courtomer@wanadoo.fr,Seine-et-Marne,Mairiedu20
COURTRY,mairie@ville-courtry.fr,Seine-et-Marne,isabelleleroy4
COUTENCON,mairie.coutencon@wanadoo.fr,Seine-et-Marne,mairiedecerny
COUTEVROULT,coutevroult@wanadoo.fr,Seine-et-Marne,phildecroocq
CRECY LA CHAPELLE,commune@crecylachapelle.eu,Seine-et-Marne,JMaireofficiel
CREGY LES MEAUX,mairiecregy@wanadoo.fr,Seine-et-Marne,unmotparjourfr
CREVECOEUR EN BRIE,mairie.crevecoeur@libertysurf.fr,Seine-et-Marne,EmerainvilleFr
CRISENOY,mairiedecrisenoy@wanadoo.fr,Seine-et-Marne,Gilles_Battail
CROISSY BEAUBOURG,croissy.beaubourg@wanadoo.fr,Seine-et-Marne,Anachitect
CROUY SUR OURCQ,crouy-sur-ourcq@paysdelourcq.fr,Seine-et-Marne,jamescheron
CUCHARMOY,mairie.cucharmoy@wanadoo.fr,Seine-et-Marne,Mairiedu20
CUISY,brigitte.lhopital@free.fr,Seine-et-Marne,MuseeClaudel
DAGNY,mairie.de.dagny@wanadoo.fr,Seine-et-Marne,LesLangoustines
DAMMARIE LES LYS,info@mairie-dammarie-les-lys.fr,Seine-et-Marne,nicolascaux
DAMMARTIN EN GOELE,contact@dammartin-en-goele.fr,Seine-et-Marne,EoliennesMerDT
DAMMARTIN SUR TIGEAUX,mairie.damtig@wanadoo.fr,Seine-et-Marne,VilledeFbleau
DAMPMART,mairie@dampmart.fr,Seine-et-Marne,forcilles
DARVAULT,mairie@mairie-darvault.fr,Seine-et-Marne,ferrieresenbrie
DHUISY,mairie.dhuisy@wanadoo.fr,Seine-et-Marne,JMaireofficiel
DIANT,mairie.diant@wanadoo.fr,Seine-et-Marne,VilledeFbleau
DONNEMARIE DONTILLY,mairie@donnemarie-dontilly.com,Seine-et-Marne,VilledeFbleau
DORMELLES,mairie.dormelles@laposte.net,Seine-et-Marne,MuseeClaudel
DOUE,mairie.doue@orange.fr,Seine-et-Marne,portsdefrance
DOUY LA RAMEE,mairie.douy-la-ramee@wizeo.fr,Seine-et-Marne,JFFountaine
ECHOUBOULAINS,Mairie-Echouboulains@wanadoo.fr,Seine-et-Marne,V_Delahaye
ECUELLES,accueil@mairie-ecuelles.fr,Seine-et-Marne,IDECSportRacing
EGLIGNY,mairiedegligny@wanadoo.fr,Seine-et-Marne,Mairiedu20
EGREVILLE,mairie-egreville@wanadoo.fr,Seine-et-Marne,forgeonslavenir
EMERAINVILLE,maire@mairie-emerainville.fr,Seine-et-Marne,aubervilliers93
EPISY,episy.77@wanadoo.fr,Seine-et-Marne,MairieFresnes59
ESBLY,ville.esbly@mairie-esbly.fr,Seine-et-Marne,ProCarsProvins
ESMANS,mairie.de.esmans@wanadoo.fr,Seine-et-Marne,AFromont35
ETREPILLY,mairie.etrepilly@wanadoo.fr,Seine-et-Marne,Mairiedu20
EVERLY,mairie.everly@wanadoo.fr,Seine-et-Marne,Mairiedu20
EVRY GREGY SUR YERRES,evry-gregy@wanadoo.fr,Seine-et-Marne,rezeg_hamida
FAREMOUTIERS,mairie.faremoutiers@wanadoo.fr,Seine-et-Marne,vpecresse
FAVIERES,mairie-favieres@wanadoo.fr,Seine-et-Marne,Mairiedu20
FAY LES NEMOURS,mairie-de-fay-les-nemours@wanadoo.fr,Seine-et-Marne,franckmarlin
FERICY,mairie.fericy@wanadoo.fr,Seine-et-Marne,Franck Bracquemart
FEROLLES ATTILLY,mairie@ferolles-attilly.fr,Seine-et-Marne,franceinfo
FERRIERES EN BRIE,mairie@ferrieresenbrie.fr,Seine-et-Marne,JLTHIERIOT
FLAGY,mairie-flagy@wanadoo.fr,Seine-et-Marne,BrunoLeMaire
FLEURY EN BIERE,mairie-fleuryenbiere@wanadoo.fr,Seine-et-Marne,Mairiedu20
FONTAINEBLEAU,communication@fontainebleau.fr,Seine-et-Marne,uranoscope77
FONTAINE FOURCHES,mairie.fontaine-fourches@wanadoo.fr,Seine-et-Marne,mairielevaudoue
FONTAINE LE PORT,mairie-fontaineleport@wanadoo.fr,Seine-et-Marne,MichelePeyron
FONTAINS,mairie.de.fontains@wanadoo.fr,Seine-et-Marne,MichelePeyron
FONTENAILLES,mairie.fontenailles@wanadoo.fr,Seine-et-Marne,michelguerard
FONTENAY TRESIGNY,dgs@fontenay-tresigny.fr,Seine-et-Marne,genemachery
FORFRY,mairie.forfry@wanadoo.fr,Seine-et-Marne,Guermantes77600
FORGES,mairie.forges.77@wanadoo.fr,Seine-et-Marne,colettemelot
FOUJU,foujumai@wanadoo.fr,Seine-et-Marne,j2morer
FRESNES SUR MARNE,fresnes-sur-marne@wanadoo.fr,Seine-et-Marne,camifassol
FRETOY LE MOUTIER,mairiefretoy@orange.fr,Seine-et-Marne,VilledeFbleau
FROMONT,mairie@fromont77.com,Seine-et-Marne,Hermes_Paris
FUBLAINES,mairie.fublaines@wanadoo.fr,Seine-et-Marne,Mairiedu20
GARENTREVILLE,mairie.garentreville@wanadoo.fr,Seine-et-Marne,VILLE_ASNIERES
GASTINS,mairie-gastins@gastins.fr,Seine-et-Marne,MarieFauque
GERMIGNY L EVEQUE,mairie.germigny-leveque@wanadoo.fr,Seine-et-Marne,amisdumusee2G
GERMIGNY SOUS COULOMBS,germignysouscoulombs.mairie@wanadoo.fr,Seine-et-Marne,JMaireofficiel
GESVRES LE CHAPITRE,"",Seine-et-Marne,rezeg_hamida
GIREMOUTIERS,giremoutiers@wanadoo.fr,Seine-et-Marne,MuseeClaudel
GIRONVILLE,mairie.gironville@laposte.net,Seine-et-Marne,Marne_la_Vallee
GOUAIX,mairie.gouaix77@wanadoo.fr,Seine-et-Marne,DeJouarre
GOUVERNES,mairie.de.gouvernes@wanadoo.fr,Seine-et-Marne,JouyenJosas
GRANDPUITS BAILLY CARROIS,mairie.grandpuits@wanadoo.fr,Seine-et-Marne,anne_chain
GRAVON,mairie.gravon@laposte.net,Seine-et-Marne,StephaneJabut
GRESSY,commune.gressy@wanadoo.fr,Seine-et-Marne,MuseeClaudel
GRETZ ARMAINVILLIERS,mairie@gretz-armainvilliers.fr,Seine-et-Marne,E2C77
GREZ SUR LOING,mairie.grezsurloing@wanadoo.fr,Seine-et-Marne,Laurent_morin_
GRISY SUISNES,mairie-de-grisysuisnes@wanadoo.fr,Seine-et-Marne,luniverCel
GRISY SUR SEINE,mairie.grisyseine@wanadoo.fr,Seine-et-Marne,thi_loup
GUERARD,mairie.guerard@laposte.net,Seine-et-Marne,fredvalletoux
GUERCHEVILLE,guercheville.mairie@wanadoo.fr,Seine-et-Marne,SaintSul81Info
GUERMANTES,mairie-de-guermantes@wanadoo.fr,Seine-et-Marne,MorgannVANACKER
GUIGNES,Mairie.guignes@wanadoo.fr,Seine-et-Marne,pretalemploi
GURCY LE CHATEL,mairie-gurcy-le-chatel@wanadoo.fr,Seine-et-Marne,LFSJ77
HAUTEFEUILLE,mairie.hautefeuille@laposte.net,Seine-et-Marne,Mairiedu2
HERICY,mairiedhericy@wanadoo.fr,Seine-et-Marne,VilledeLagny
HERME,mairie.herme77@wanadoo.fr,Seine-et-Marne,Villeneuve94190
HONDEVILLIERS,"",Seine-et-Marne,Villeneuve94190
ICHY,ichy.mairie@wanadoo.fr,Seine-et-Marne,LaMadeleine59
ISLES LES MELDEUSES,isles-les-meldeuses@paysdelourcq.fr,Seine-et-Marne,Prefet77
ISLES LES VILLENOY,mairie-isles@wanadoo.fr,Seine-et-Marne,LudovicRochette
IVERNY,mairie.iverny@wanadoo.fr,Seine-et-Marne,jeremiemaire
JABLINES,mairie.jablines@wanadoo.fr,Seine-et-Marne,mairiedecerny
JAIGNES,mairiejaignes@orange.fr,Seine-et-Marne,Laval_la_Ville
JAULNES,mairie.jaulnes@wanadoo.fr,Seine-et-Marne,__Apur__
JOSSIGNY,mairiedejossigny@wanadoo.fr,Seine-et-Marne,SOLIHA_77
JOUARRE,mairie@jouarre.fr,Seine-et-Marne,KeolisCIF
JOUY LE CHATEL,mairiejouylechatel@wanadoo.fr,Seine-et-Marne,Pr_Pin
JOUY SUR MORIN,mairie-de-jouy-sur-morin@wanadoo.fr,Seine-et-Marne,PhilippePemezec
JUILLY,mairie.juilly@wanadoo.fr,Seine-et-Marne,MA_Jamet
JUTIGNY,mairie-de-jutigny@wanadoo.fr,Seine-et-Marne,IFEAIstanbul
LA BROSSE MONTCEAUX,la-brosse-montceaux@wanadoo.fr,Seine-et-Marne,judge_marie
LA CELLE SUR MORIN,mairie.lacellesurmorin@wanadoo.fr,Seine-et-Marne,VilledeFbleau
LA CHAPELLE GAUTHIER,mairie-la-chapelle-gauthier@wanadoo.fr,Seine-et-Marne,MairiedeLesigny
LA CHAPELLE IGER,lachapelleiger@wanadoo.fr,Seine-et-Marne,Anne_Hidalgo
LA CHAPELLE LA REINE,secretariat@lachapellelareine.net,Seine-et-Marne,mairielevaudoue
LA CHAPELLE MOUTILS,mairie.chapellemoutils@perso.altitudetelecom.fr,Seine-et-Marne,VilleLimoges87
LA CHAPELLE RABLAIS,crinformatique@wanadoo.fr,Seine-et-Marne,homeisarealsong
LA CHAPELLE SAINT SULPICE,mairie.chapellesaintsulpice@wanadoo.fr,Seine-et-Marne,Villeneuve94190
LA CROIX EN BRIE,mairie-la-croix-en-brie77@wanadoo.fr,Seine-et-Marne,Mairiedu20
LA FERTE GAUCHER,info@la-ferte-gaucher.org,Seine-et-Marne,intermarche7744
LA FERTE SOUS JOUARRE,info@la-ferte-sous-jouarre.fr,Seine-et-Marne,Le Parisien | 77
LA GENEVRAYE,MAIRIE-LA-GENEVRAYE@wanadoo.fr,Seine-et-Marne,YvesAlbarello
LAGNY SUR MARNE,mmarnat@free.fr,Seine-et-Marne,JmMaureille
LA GRANDE PAROISSE,mairie.grande.paroisse@wanadoo.fr,Seine-et-Marne,LorrezB
LA HAUTE MAISON,mairie.lahautemaison@wanadoo.fr,Seine-et-Marne,Mairiedu2
LA HOUSSAYE EN BRIE,mairie.lahoussaye.77@wanadoo.fr,Seine-et-Marne,MuseeClaudel
LA MADELEINE SUR LOING,mairie.madeleinesurloing@perso.altitudetelecom.fr,Seine-et-Marne,JMaireofficiel
LARCHANT,mairie.larchant@wanadoo.fr,Seine-et-Marne,warsmann
LA ROCHETTE,mairie@larochette77.fr,Seine-et-Marne,Magny_le_Hongre
LA TOMBE,mairiedelatombe@wanadoo.fr,Seine-et-Marne,Mairiedu20
LA TRETOIRE,mairie-la-tretoire@wanadoo.fr,Seine-et-Marne,bussycestnous
LAVAL EN BRIE,lavalenbrie@wanadoo.fr,Seine-et-Marne,lamaisonrouge
LE CHATELET EN BRIE,mairie.chatelet.77@wanadoo.fr,Seine-et-Marne,Mairiedu20
LECHELLE,mairie.lechelle@wanadoo.fr,Seine-et-Marne,SMarcilly
LE MEE SUR SEINE,info@lemeesurseine.fr,Seine-et-Marne,Villedemeaux
LE MESNIL AMELOT,mairie.mesnil.amelot@wanadoo.fr,Seine-et-Marne,FIDAL_avocats
LE PIN,mairiedelepin@wanadoo.fr,Seine-et-Marne,ComMarolles
LE PLESSIS AUX BOIS,mairie.plessisauxbois@wanadoo.fr,Seine-et-Marne,FranceHydroElec
LE PLESSIS FEU AUSSOUX,mairie-le-plessis-feu-aussous@wanadoo.fr,Seine-et-Marne,OrangeIDF
LE PLESSIS L EVEQUE,leplessisleveque@wanadoo.fr,Seine-et-Marne,departement86
LE PLESSIS PLACY,mairie.plessisplacy@free.fr,Seine-et-Marne,Mairiedu20
LES CHAPELLES BOURBON,leschapellesbourbon@orange.fr,Seine-et-Marne,rousseautrocy
LESCHEROLLES,commune-lescherolles@wanadoo.fr,Seine-et-Marne,Villedemeaux
LESCHES,mairie.lesches@wanadoo.fr,Seine-et-Marne,Sdis77
LES ECRENNES,mairie-les-ecrennes@wanadoo.fr,Seine-et-Marne,VilleMelun
LESIGNY,mm@mairie-lesigny.fr,Seine-et-Marne,MuseeClaudel
LES MARETS,mairie.les-marets@laposte.net,Seine-et-Marne,AANZIANI
LES ORMES SUR VOULZIE,mairie.ormes-s-voulzie@wanadoo.fr,Seine-et-Marne,MessyEssyy
LEUDON EN BRIE,mairie.leudon-en-brie@laposte.net,Seine-et-Marne,Mitry_Mory77
LE VAUDOUE,mairie.vaudoue@wanadoo.fr,Seine-et-Marne,LaRep77
LIEUSAINT,contact@ville-lieusaint.fr,Seine-et-Marne,moissycramayel
LIMOGES FOURCHES,mairie.limoges.fourches@wanadoo.fr,Seine-et-Marne,J'ai choisi Val√©rie
LISSY,mairie.lissy@wanadoo.fr,Seine-et-Marne,thi_loup
LIVERDY EN BRIE,secretariat@mairiedeliverdy.fr,Seine-et-Marne,PSeptiers
LIVRY SUR SEINE,mairie-de-livry-sur-seine@wanadoo.fr,Seine-et-Marne,amisdumusee2G
LIZINES,mairie.lizines@laposte.net,Seine-et-Marne,ProCarsProvins
LIZY SUR OURCQ,contact@lizy-sur-ourcq.com,Seine-et-Marne,GardeMarie
LOGNES,courrier@mairie-lognes.fr,Seine-et-Marne,Mairiedu20
LONGPERRIER,mairie-longperrier@wanadoo.fr,Seine-et-Marne,Ville2Montereau
LONGUEVILLE,mairie.longueville@wanadoo.fr,Seine-et-Marne,JPB SYSTEME
LORREZ LE BOCAGE PREAUX,lorrezlebocage@wanadoo.fr,Seine-et-Marne,Montevrain77
LOUAN VILLEGRUIS FONTAINE,commune.louan-villgruis@wanadoo.fr,Seine-et-Marne,thi_loup
LUISETAINES,mairie.luisetaines@wanadoo.fr,Seine-et-Marne,aubervilliers93
LUMIGNY NESLES ORMEAUX,mairie.lumignyno@wanadoo.fr,Seine-et-Marne,ICosterizant
LUZANCY,mairie.luzancy@wanadoo.fr,Seine-et-Marne,Franck Bracquemart
MACHAULT,mairiemachault@wanadoo.fr,Seine-et-Marne,montolivet
MAGNY LE HONGRE,mairie@magnylehongre.fr,Seine-et-Marne,PSeptiers
MAINCY,mairie.maincy77@wanadoo.fr,Seine-et-Marne,Ville2Mormant
MAISONCELLES EN BRIE,mairie.maisoncelles.en.brie@wanadoo.fr,Seine-et-Marne,mairiedecerny
MAISONCELLES EN GATINAIS,mairie_maisoncelles@hotmail.fr,Seine-et-Marne,bibicheri
MAISON ROUGE,mairie-maisonrougeenbrie.77@wanadoo.fr,Seine-et-Marne,Mace-Scaron Joseph
MARCHEMORET,mairie.de.marchemoret@wanadoo.fr,Seine-et-Marne,MuseeClaudel
MARCILLY,mairie-marcilly@wanadoo.fr,Seine-et-Marne,BRigault
MAREUIL LES MEAUX,commune-mareuil-les-meaux@wanadoo.fr,Seine-et-Marne,JLucmouy
MARLES EN BRIE,mairie-marles-en-brie@wanadoo.fr,Seine-et-Marne,Celine_Hallier
MAROLLES EN BRIE,cabinet-maire@mairie-marolles.fr,Seine-et-Marne,AymericDurox
MAROLLES SUR SEINE,mairie-marolles-sur-seine@wanadoo.fr,Seine-et-Marne,rezeg_hamida
MARY SUR MARNE,mary-sur-marne@wanadoo.fr,Seine-et-Marne,Les Echos
MAUPERTHUIS,mairie.mauperthuis@wanadoo.fr,Seine-et-Marne,E2C77
MAUREGARD, contact@mauregard.fr,Seine-et-Marne,VLacroute
MAY EN MULTIEN,mairie.may-en-multien@laposte.net,Seine-et-Marne,villedenoisiel
MEAUX,"",Seine-et-Marne,Gilles_Battail
MEIGNEUX,mairie.de.meigneux@wibox.fr,Seine-et-Marne,FerrieresSchool
MEILLERAY,mairie.meilleray@wanadoo.fr,Seine-et-Marne,Gilles_Battail
MELUN,webmestre@ville-melun.fr,Seine-et-Marne,MuseeClaudel
MELZ SUR SEINE,mairie.melzsurseine@wanadoo.fr,Seine-et-Marne,aubervilliers93
MERY SUR MARNE,mairie-mery-sur-marne@wanadoo.fr,Seine-et-Marne,rezeg_hamida
MESSY,mairie.messy@wanadoo.fr,Seine-et-Marne,OisseryOfficiel
MISY SUR YONNE,mairie-de-misy-sur-yonne@wanadoo.fr,Seine-et-Marne,EditionsHO
MITRY MORY,mairie@ville-mirecourt.fr,Seine-et-Marne,MaximeGoldbaum
MOISENAY,mairie-de-moisenay@wanadoo.fr,Seine-et-Marne,osonsozoir
MOISSY CRAMAYEL,mairie@ville-moissycramayel.fr,Seine-et-Marne,AntonyLeBras
MONDREVILLE,mairie-de-mondreville@wanadoo.fr,Seine-et-Marne,paleycenter
MONS EN MONTOIS,mairie.monsenmontois@free.fr,Seine-et-Marne,Mairie_VLP
MONTARLOT,MAIRIE-MONTARLOT@wanadoo.fr,Seine-et-Marne,MuseeClaudel
MONTCEAUX LES MEAUX,commune.montceaux-les-meaux@wanadoo.fr,Seine-et-Marne,mairiedu16
MONTCEAUX LES PROVINS,mairiemontceauxlesprovins@wanadoo.fr,Seine-et-Marne,MPenchard
MONTCOURT FROMONVILLE,"",Seine-et-Marne,fredvalletoux
MONTDAUPHIN,mairiedemontdauphin@orange.fr,Seine-et-Marne,VilledeBiot
MONTENILS,"",Seine-et-Marne,auroreberge
MONTEREAU FAULT YONNE,contact@ville-montereau77.fr,Seine-et-Marne,mairiedecerny
MONTEREAU SUR LE JARD,mairie-de-montereau-sur-le-jard@wanadoo.fr,Seine-et-Marne,ENILBIO_Poligny
MONTEVRAIN,dgs@mairie-montevrain.fr,Seine-et-Marne,mairiedecerny
MONTGE EN GOELE,mairiedemontge@wanadoo.fr,Seine-et-Marne,POMPONNE1
MONTHYON,mairie-de-monthyon@wanadoo.fr,Seine-et-Marne,PontaultCblt
MONTIGNY LE GUESDIER,mairie.montigny-le-guesdier@laposte.net,Seine-et-Marne,77_info
MONTIGNY LENCOUP,mairie.montigny-lencoup@wanadoo.fr,Seine-et-Marne,EnvoyeSpecial
MONTIGNY SUR LOING,mairie.montigny-sur-loing@wanadoo.fr,Seine-et-Marne,EricBONNOMET
MONTMACHOUX,mairie.montmachoux@perso.altitudetelecom.fr,Seine-et-Marne,villeprovins
MONTOLIVET,commune-montolivet@wanadoo.fr,Seine-et-Marne,kevinpuisieux
MONTRY,florence.biondi@mairie-montry.fr,Seine-et-Marne,mairiedecerny
MORET SUR LOING,le-maire@ville-moret-sur-loing.fr,Seine-et-Marne,GQuercy_H
MORMANT,info@ville-mormant.fr,Seine-et-Marne,yangauchard
MORTCERF,mairie-de-mortcerf@wanadoo.fr,Seine-et-Marne,Prefet77
MORTERY,mairie.mortery@laposte.net,Seine-et-Marne,fredvalletoux
MOUROUX,info@ville-mouroux.fr,Seine-et-Marne,VilleRoissy77
MOUSSEAUX LES BRAY,mairie.mousseaux-les-bray@wanadoo.fr,Seine-et-Marne,benoitrouilly
MOUSSY LE NEUF,mairie@moussyleneuf.fr,Seine-et-Marne,BleuBlancCoeur
MOUSSY LE VIEUX,mairie.mlv@wanadoo.fr,Seine-et-Marne,ReseauMelibus
MOUY SUR SEINE,mairiemouysurseine@wanadoo.fr,Seine-et-Marne,JMaireofficiel
NANDY,mairie@nandy.fr,Seine-et-Marne,Mairiedu20
NANGIS,contact@ville-nangis.fr,Seine-et-Marne,Les Echos
NANTEAU SUR ESSONNE,nanteau-sur-essonne@wanadoo.fr,Seine-et-Marne,villesaintaug
NANTEAU SUR LUNAIN,mairie.nanteau@wanadoo.fr,Seine-et-Marne,O_BARTHELEMY
NANTEUIL LES MEAUX,mairie@nanteuil-les-meaux.fr,Seine-et-Marne,cm1cm2saintcyr
NANTEUIL SUR MARNE,nanteuil-sur-marne@wanadoo.fr,Seine-et-Marne,Marcheur93
NANTOUILLET,mairie.nantouillet@wanadoo.fr,Seine-et-Marne,SO_47
NEMOURS,mairie@ville-nemours.fr,Seine-et-Marne,guyard77310
NEUFMOUTIERS EN BRIE,commune-de-neufmoutiers@wanadoo.fr,Seine-et-Marne,fmesnard
NOISIEL,public@mairie-noisiel.fr,Seine-et-Marne,lavalstgermain
NOISY RUDIGNON,noisy-rudignon-mairie@wanadoo.fr,Seine-et-Marne,thi_loup
NOISY SUR ECOLE,noisy-sur-ecole@orange.fr,Seine-et-Marne,JMarbotte
NONVILLE,mairie.nonville@wanadoo.fr,Seine-et-Marne,StGermainLaye
NOYEN SUR SEINE,noyen.seine@wanadoo.fr,Seine-et-Marne,Seinestgermain
OBSONVILLE,mairie-obsonville@wanadoo.fr,Seine-et-Marne,villeprovins
OCQUERRE,ocquerre@paysdelourcq.fr,Seine-et-Marne,IThisSaintJean
OISSERY,oissery.secretariat@gmail.com,Seine-et-Marne,Ville_Boissy
ORLY SUR MORIN,mairie@orly77.fr,Seine-et-Marne,ITolleret
ORMESSON,mairie.ormesson77@wanadoo.fr,Seine-et-Marne,StMamAutrement
OTHIS,dgs@othis.fr,Seine-et-Marne,SaintMardFoot
OZOIR LA FERRIERE,contact@mairie-ozoir-la-ferriere.fr,Seine-et-Marne,tim_morlaix
OZOUER LE VOULGIS,secretariat@ozouer-le-voulgis.fr,Seine-et-Marne,OiseauBlizzard
PALEY,mairie.paley77@wanadoo.fr,Seine-et-Marne,VilleDeSMH
PAMFOU,mairie.de.pamfou@wanadoo.fr,Seine-et-Marne,welptoday
PAROY,mairie.paroy@wanadoo.fr,Seine-et-Marne,E2C77
PASSY SUR SEINE,"",Seine-et-Marne,villesaintouen
PECY,mairie.pecy@wanadoo.fr,Seine-et-Marne,villesaintouen
PENCHARD,mairiedepenchard@wanadoo.fr,Seine-et-Marne,Keolis CIF
PERTHES,mairie.perthes77@wanadoo.fr,Seine-et-Marne,FELETTIG1
PEZARCHES,pezarches.mairie@wanadoo.fr,Seine-et-Marne,PauSR
PIERRE LEVEE,monsieurlemaire@pierre-levee.fr,Seine-et-Marne,StTropezMairie
POIGNY,mairie-poigny.77@wanadoo.fr,Seine-et-Marne,MdeSaintSauveur
POINCY,mairie.poincy@wanadoo.fr,Seine-et-Marne,ClgBarbey
POLIGNY,villedepoligny.jura@wanadoo.fr,Seine-et-Marne,MagalySimeon
POMMEUSE,infos@pommeuse.org,Seine-et-Marne,Julesgoubin
POMPONNE,mairie.pomponne@wanadoo.fr,Seine-et-Marne,Franck Bracquemart
PONTAULT COMBAULT,maire@mairie-pontault-clt.fr,Seine-et-Marne,OTsalins
PONTCARRE,mairie.de.pontcarre@wanadoo.fr,Seine-et-Marne,mairiedecerny
PRECY SUR MARNE,mairie.precy.sur.marne@wanadoo.fr,Seine-et-Marne,Mairie_VLP
PRESLES EN BRIE,mairie@preslesenbrie.eu,Seine-et-Marne,VilledeFbleau
PRINGY,mairie.de.pringy@wanadoo.fr,Seine-et-Marne,otsancy
PROVINS,contact@mairie-provins.fr,Seine-et-Marne,otsancy
PUISIEUX,mairie-puisieux@wanadoo.fr,Seine-et-Marne,villedesavigny
QUIERS,MAIRIE-QUIERS@wanadoo.fr,Seine-et-Marne,Savinit_com
QUINCY VOISINS,mairie@quincy-voisins.fr,Seine-et-Marne,estuaire_seine
RAMPILLON,mairie.rampillon77@wanadoo.fr,Seine-et-Marne,Ed_LaDecouverte
REAU,mairie.de.reau@wanadoo.fr,Seine-et-Marne,VilleDeSerris
REBAIS,Mairie.Rebais@wanadoo.fr,Seine-et-Marne,SoniaMullerBzh
RECLOSES,mairie-recloses@wanadoo.fr,Seine-et-Marne,Mairie9Paris
REMAUVILLE,mairie.remauville@wanadoo.fr,Seine-et-Marne,VilleMelun
REUIL EN BRIE,mairie.reuil-en-brie@wanadoo.fr,Seine-et-Marne,MA_Jamet
ROISSY EN BRIE,webmaster@ville-roissy-en-brie.fr,Seine-et-Marne,VilleEtiolles
ROUILLY,mairie-rouilly77@wanadoo.fr,Seine-et-Marne,MuseeClaudel
ROUVRES,mairierouvres@wanadoo.fr,Seine-et-Marne,PhilippeSollers
ROZAY EN BRIE,mairie.7@wanadoo.fr,Seine-et-Marne,mairiedigne
RUBELLES,mairie-de-rubelles@wanadoo.fr,Seine-et-Marne,Covage_IDF
RUMONT,mairie.rumont77@laposte.net,Seine-et-Marne,Franck Bracquemart
RUPEREUX,mairie.rupereux@laposte.net,Seine-et-Marne,MuseeClaudel
SAACY SUR MARNE,mairie-saacy-sur-marne@wanadoo.fr,Seine-et-Marne,ODassault
SABLONNIERES,mairie.sablonnieres@wanadoo.fr,Seine-et-Marne,VilledeThorigny
SAINT ANGE LE VIEL,saint.ange77@wanadoo.fr,Seine-et-Marne,DST_off
SAINT AUGUSTIN,mairie-saintaugustin@wanadoo.fr,Seine-et-Marne,Rihan_Cypel
SAINT BARTHELEMY,mairie.st-barthelemy77@wanadoo.fr,Seine-et-Marne,Sdis77
SAINT BRICE,mairie-saint-brice@orange.fr,Seine-et-Marne,Meuphine77
SAINT CYR SUR MORIN,mairie.stcyrsurmorin@wanadoo.fr,Seine-et-Marne,fredvalletoux
SAINT DENIS LES REBAIS,mairie.stdenislesrebais@wanadoo.fr,Seine-et-Marne,JMaireofficiel
SAINTE AULDE,mairie@sainte-aulde.fr,Seine-et-Marne,Trilport
SAINTE COLOMBE,mairie.ste.colombe@gmail.com,Seine-et-Marne,rousseautrocy
SAINT FARGEAU PONTHIERRY,contact@saint-fargeau-ponthierry.fr,Seine-et-Marne,UryVillage
SAINT FIACRE,mairie.saint.fiacre77@wanadoo.fr,Seine-et-Marne,amisdumusee2G
SAINT GERMAIN LAVAL,mairie.st-germain-laval77@laposte.net,Seine-et-Marne,Le Parisien | 77
SAINT GERMAIN LAXIS,mairie-st-germain-laxis@wanadoo.fr,Seine-et-Marne,VilledeValence
SAINT GERMAIN SOUS DOUE,"",Seine-et-Marne,JMaireofficiel
SAINT GERMAIN SUR ECOLE,mairie-st-germain-sur-ecole@wanadoo.fr,Seine-et-Marne,LaRep77
SAINT GERMAIN SUR MORIN,mairie.st-germain-sur-morin@wanadoo.fr,Seine-et-Marne,ch_tamazount
SAINT HILLIERS,mairie@sainthilliers.com,Seine-et-Marne,rezeg_hamida
SAINT JEAN LES DEUX JUMEAUX,mairie-st-jean-les-2-jumeaux@wanadoo.fr,Seine-et-Marne,Mairie_VLP
SAINT JUST EN BRIE,mairie-saint-just-en-brie@wanadoo.fr,Seine-et-Marne,BFMTV
SAINT LEGER,"",Seine-et-Marne,assofreelug
SAINT LOUP DE NAUD,maire.saint.loup.de.naud@wanadoo.fr,Seine-et-Marne,JMaireofficiel
SAINT MAMMES,ville.de.saint-mammes@wanadoo.fr,Seine-et-Marne,mairieivry
SAINT MARD,mairie@saintmard77.fr,Seine-et-Marne,Marcheur93
SAINT MARS VIEUX MAISONS,mairie.saintmarsvieuxmaisons@wanadoo.fr,Seine-et-Marne,VilledeChalons
SAINT MARTIN DES CHAMPS,commune-saint-martin-des-champs@wanadoo.fr,Seine-et-Marne,amisdumusee2G
SAINT MARTIN DU BOSCHET,mairie.stmartinduboschet1@orange.fr,Seine-et-Marne,Franck Bracquemart
SAINT MARTIN EN BIERE,smb.mairie@wanadoo.fr,Seine-et-Marne,MissVillecerf
SAINT MERY,mairie.saint-mery@wanadoo.fr,Seine-et-Marne,Prefet77
SAINT MESMES,mairiesaintmesmes@wanadoo.fr,Seine-et-Marne,Boudaud Anduaga
SAINT OUEN EN BRIE,mairie-de-saint-ouen-en-brie@wanadoo.fr,Seine-et-Marne,canadadri
SAINT OUEN SUR MORIN,mairie-saint-ouen-sur-morin@wanadoo.fr,Seine-et-Marne,OFII_France
SAINT PATHUS,maire@saint-pathus.fr,Seine-et-Marne,Villeneuve94190
SAINT PIERRE LES NEMOURS,mairie.stpierrelesnemours@wanadoo.fr,Seine-et-Marne,YvesAlbarello
SAINT REMY LA VANNE,secretariat@saint-remy77.fr,Seine-et-Marne,VILLEPARISIS77
SAINTS,mairie.saints@wanadoo.fr,Seine-et-Marne,Capo_Canellas
SAINT SAUVEUR LES BRAY,mairie.stsauveurlesbray@wanadoo.fr,Seine-et-Marne,CAIDF
SAINT SAUVEUR SUR ECOLE,mairie-stsauveur-sur-ecole@wanadoo.fr,Seine-et-Marne,Europe 1 ¬†üìª
SAINT SIMEON,commune-de-st-simeon@wanadoo.fr,Seine-et-Marne,Mairie_VLP
SAINT SOUPPLETS,mairie@saint-soupplets.fr,Seine-et-Marne,enmarche94350
SAINT THIBAULT DES VIGNES,contact@ville-st-thibault.fr,Seine-et-Marne,lefrenchie77_
SALINS,mairiedesalins77@wanadoo.fr,Seine-et-Marne,Laurent_morin_
SAMMERON,mairie-sammeron@wanadoo.fr,Seine-et-Marne,enmarche94350
SAMOIS SUR SEINE,mairie.samois@wanadoo.fr,Seine-et-Marne,MuseeClaudel
SAMOREAU,mairie-de-samoreau@wanadoo.fr,Seine-et-Marne,MA_Jamet
SANCY LES MEAUX,"",Seine-et-Marne,Bison Teint
SANCY LES PROVINS,mairie.sancy-les-provins@laposte.net,Seine-et-Marne,JMaireofficiel
SAVIGNY LE TEMPLE,messages@savigny-le-temple.fr,Seine-et-Marne,stephan_luc
SAVINS,mairiedesavins@wanadoo.fr,Seine-et-Marne,ProCarsProvins
SEINE PORT,mairie.seineport@wanadoo.fr,Seine-et-Marne,maire_vulaines
SEPT SORTS,mairie@sept-sorts.fr,Seine-et-Marne,bertrandmendimi
SERRIS,contact@mairie-serris.net,Seine-et-Marne,Mairiedu20
SERVON,mairie.servon@wanadoo.fr,Seine-et-Marne,Gazette en Yvelines
SIGNY SIGNETS,mairie-de-signy-signets@wanadoo.fr,Seine-et-Marne,Never Submit
SIGY,mairie.sigy@wanadoo.fr,Seine-et-Marne,aiguesvives
SIVRY COURTRY,mairie@sivry-courtry.fr,Seine-et-Marne,Mairiedu20
SOGNOLLES EN MONTOIS,mairie.sognollesmontois@wanadoo.fr,Seine-et-Marne,Mairiedu20
SOIGNOLLES EN BRIE,"",Seine-et-Marne,VilledAles
SOISY BOUY,mairie-soisybouy.77@wanadoo.fr,Seine-et-Marne,F_Verdier
SOLERS,mairie.solers@wanadoo.fr,Seine-et-Marne,brice_alzon
SOUPPES SUR LOING,mairie.souppes@gmail.com,Seine-et-Marne,VilledAles
SOURDUN,mairie.sourdun@wanadoo.fr,Seine-et-Marne,MairieAramon
TANCROU,tancrou@paysdelourcq.fr,Seine-et-Marne,JMaireofficiel
THENISY,secretariat@mairiedethenisy.fr,Seine-et-Marne,Citynox_
THIEUX,mairie.thieux@wanadoo.fr,Seine-et-Marne,Mairiedu20
THOMERY,mairie.thomery@wanadoo.fr,Seine-et-Marne,Mairiedu20
THORIGNY SUR MARNE,mairie@thorigny.fr,Seine-et-Marne,OliveGaillard30
THOURY FEROTTES,"",Seine-et-Marne,Etiseo_fr
TIGEAUX,mairie.tigeaux@wanadoo.fr,Seine-et-Marne,Groupe d‚Äôaction Gallargues Insoumise
TORCY,info@ville-torcy.fr,Seine-et-Marne,QuaiDesSavoirs
TOUQUIN,mairie.touquin@wanadoo.fr,Seine-et-Marne,Paris
TOURNAN EN BRIE,info@tournan-en-brie.fr,Seine-et-Marne,Mairiedu20
TOUSSON,mairie.tousson@laposte.net,Seine-et-Marne,Mairiedu20
TREUZY LEVELAY,mairie.treuzylevelay@wanadoo.fr,Seine-et-Marne,JM_Aulas
TRILBARDOU,mairie.trilbardou@wanadoo.fr,Seine-et-Marne,Brigitte Pistre
TRILPORT,mairie.trilport@wanadoo.fr,Seine-et-Marne,Mairiedu20
TROCY EN MULTIEN,trocy-en-multien@paysdelourcq.fr,Seine-et-Marne,MLGardrhodanien
URY,mairie-ury@wanadoo.fr,Seine-et-Marne,ÀóÀèÀã ùòºùô°ùôöùô≠ùô©ùôßùôöùô¢ ¬†üéÉ ÀéÀäÀó
USSY SUR MARNE,mairie-ussy-sur-marne@wanadoo.fr,Seine-et-Marne,laurent_baron
VAIRES SUR MARNE,ville.vaires@vairessurmarne.fr ,Seine-et-Marne,beaucaire30
VALENCE EN BRIE,mairievalence@voila.fr,Seine-et-Marne,Mairiedu20
VANVILLE,mairie-de-vanville77@wanadoo.fr,Seine-et-Marne,Villeneuve94190
VARENNES SUR SEINE,mairie.varennes77@wanadoo.fr,Seine-et-Marne,F_Verdier
VARREDDES,mairie.varreddes@wanadoo.fr,Seine-et-Marne,CorBernis
VAUCOURTOIS,mairiedevaucourtois@wanadoo.fr,Seine-et-Marne,F_Verdier
VAUDOY EN BRIE,vaudoy-en-brie@wanadoo.fr,Seine-et-Marne,virginieesparon
VAUX LE PENIL,secretariat.du.maire@mairie-vaux-le-penil.fr,Seine-et-Marne,MBezouce
VAUX SUR LUNAIN,mairie.vauxsurlunain@wanadoo.fR,Seine-et-Marne,aubervilliers93
VENDREST,vendrest.mairie@wanadoo.fr,Seine-et-Marne,Mairiedu20
VENEUX LES SABLONS,accueil@veneuxlessablons.fr,Seine-et-Marne,MaximeBoissiere
VERDELOT,"",Seine-et-Marne,jf_longeot
VERNEUIL L ETANG,secretariat@mairie-verneuil77.fr,Seine-et-Marne,bibicheri
VERNOU LA CELLE SUR SEINE,mairie@mairie-vernou-celle77.fr,Seine-et-Marne,VilledAles
VERT SAINT DENIS,mairie@vert-saint-denis.fr,Seine-et-Marne,Coach_Costa5
VIEUX CHAMPAGNE,mairievieuxchampagne@orange.fr,Seine-et-Marne,JpierreBouquet
VIGNELY,mairie.vignely@laposte.net,Seine-et-Marne,F_Verdier
VILLEBEON,villebeon.mairie@wanadoo.fr,Seine-et-Marne,JMaireofficiel
VILLECERF,mairie.villecerf@wanadoo.fr,Seine-et-Marne,j_paulfournier
VILLEMARECHAL,commune.villemarechal@orange.fr,Seine-et-Marne,BrignonJerome96
VILLEMAREUIL,jean-francois.orlandi@endel.fr,Seine-et-Marne,VilledAles
VILLEMER,mairie.villemer@wanadoo.fr,Seine-et-Marne,F_Verdier
VILLENAUXE LA PETITE,mairie.villenauxe77@wanadoo.fr,Seine-et-Marne,JeanLucLemoine
VILLENEUVE LE COMTE,villeneuve-le-comte.mairie@wanadoo.fr,Seine-et-Marne,CardetNGO
VILLENEUVE LES BORDES,"",Seine-et-Marne,Mairiedu20
VILLENEUVE SAINT DENIS,villeneuvesaintdenis.mairie@wanadoo.fr,Seine-et-Marne,VILLE_ASNIERES
VILLENEUVE SOUS DAMMARTIN,mairie-villeneuve-dammartin@wanadoo.fr,Seine-et-Marne,JMaireofficiel
VILLENEUVE SUR BELLOT,synd-secret-vpm@wanadoo.fr,Seine-et-Marne,mudherbecourt
VILLENOY,mairie.villenoy@wanadoo.fr,Seine-et-Marne,MairieCaveirac
VILLEPARISIS,com@mairie-villeparisis.fr,Seine-et-Marne,Anthony Montardy
VILLEROY,mairie-villeroy-77@wanadoo.fr,Seine-et-Marne,JMaireofficiel
VILLE SAINT JACQUES,mairie.ville.st.jacques@wanadoo.fr,Seine-et-Marne,Chambon_louis
VILLEVAUDE,communevillevaude@wanadoo.fr,Seine-et-Marne,JMaireofficiel
VILLIERS EN BIERE,mairie.de.villiers.en.biere@wanadoo.fr,Seine-et-Marne,ClarensacFr
VILLIERS SAINT GEORGES,villiers-st-georges@wanadoo.fr,Seine-et-Marne,JMaireofficiel
VILLIERS SOUS GREZ,villierssousgrez@wanadoo.fr,Seine-et-Marne,beaucaire30
VILLIERS SUR MORIN,mairiedevillierssurmorin@wanadoo.fr,Seine-et-Marne,judge_marie
VILLIERS SUR SEINE,mairie-de-villiers-sur-seine@wanadoo.fr,Seine-et-Marne,robertcombas
VILLUIS,mairiedevilluispassy@wanadoo.fr,Seine-et-Marne,Clarisse_Lb
VIMPELLES,mairie.vimpelles@wanadoo.fr,Seine-et-Marne,Mairiedu20
VINANTES,vinantes2@wanadoo.fr,Seine-et-Marne,APissas
VINCY MANOEUVRE,mairie.vincy-manoeuvre@wanadoo.fr,Seine-et-Marne,GardeMarie
VOINSLES,mairie.voinsles@wanadoo.fr,Seine-et-Marne,Mairiedu20
VOISENON,mairie-voisenon@wanadoo.fr,Seine-et-Marne,JeanMarie Cambac√©r√®s
VOULANGIS,mairie.voulangis@wanadoo.fr,Seine-et-Marne,RevuePol
VOULTON,mairie.voulton@laposte.net,Seine-et-Marne,mairiedecerny
VOULX,mairie.de.voulx@wanadoo.fr,Seine-et-Marne,Mairiedu20
VULAINES LES PROVINS,mairie-de-vulaines@wanadoo.fr,Seine-et-Marne,crosif
VULAINES SUR SEINE,mairie-de-vulaines@wanadoo.fr,Seine-et-Marne,Damien_Bancal
YEBLES,mairie.yebles@wanadoo.fr,Seine-et-Marne,LucasDeaux
AIGALIERS,mairie.aigaliers@wanadoo.fr,Gard,DionJack2
AIGREMONT,mairie-daigremont@wanadoo.fr,Gard,mairiedomazan
AIGUES MORTES,contact@ville-aigues-mortes.fr,Gard,ESTEZARGUES
AIGUES VIVES,mairie@aigues-vives.fr,Gard,ChristopheEuzet
AIGUEZE,mairie.aigueze@wanadoo.fr,Gard,flauxc
AIMARGUES,murielrigard@aimargues.fr,Gard,ClemenceFoissac
ALES,communication@ville-ales.net,Gard,Mairiedu20
ALLEGRE LES FUMADES,mairie.allegre-les-fumades@wanadoo.fr,Gard,F_Verdier
ALZON,mairie.alzon@wanadoo.fr,Gard,JFEliaou
ANDUZE,contact@mairie-anduze.com,Gard,Calame Alen
ARAMON,mairie.aramon@wanadoo.fr,Gard,JMaireofficiel
ARGILLIERS,mairie.argilliers@orange.fr,Gard,Mairiedu20
ARPAILLARGUES ET AUREILLAC,contact@arpaillargues-aureilhac.fr,Gard,Mairiedu20
ARPHY,mairie.arphy@wanadoo.fr,Gard,m_gajan
ARRE,commune.arre@wanadoo.fr,Gard,franckproust
ARRIGAS,mairie.arrigas@wanadoo.fr,Gard,lapinsour
ASPERES,mairie-asperes@wanadoo.fr,Gard,mairiedecerny
AUBAIS,contact.mairie@aubais.fr,Gard,GeneracPointCom
AUBORD,mairie.aubord@wanadoo.fr,Gard,bibicheri
AUBUSSARGUES,aubussargues@orange.fr,Gard,didiersabatier
AUJAC,aujac.mairie@meshnet.fr,Gard,Ville_JSV
AUJARGUES,mairie-aujargues@wanadoo.fr,Gard,JazzJunas
AULAS,mairie.aulas@wanadoo.fr,Gard,F_Verdier
AUMESSAS,mairieaumessas@wanadoo.fr,Gard,Bruguieres31150
AVEZE,maveze@wanadoo.fr,Gard,VilledAles
BAGARD,accueil@ville-de-bagard.fr,Gard,F_Verdier
BAGNOLS SUR CEZE,mairie@bagnolssurceze.fr,Gard,PBertaGard
BARJAC,mairie.barjac@wanadoo.fr,Gard,Saurel_P
BARON,maire30700baron@orange.fr,Gard,bibicheri
BEAUCAIRE,webmestre@beaucaire.fr,Gard,ColetteLanglade
BEAUVOISIN,accueil.beauvoisin@gmail.com,Gard,vidalthomasgard
BELLEGARDE,mairiebellegardegard@wanadoo.fr,Gard,henridelaroque
BELVEZET,mairie.belvezet@wanadoo.fr,Gard,fred_rouviere
BERNIS,mairie.bernis@wanadoo.fr,Gard,LasalleMQS
BESSEGES,mairie-de-besseges@wanadoo.fr,Gard,GilbertCollard
BEZ ET ESPARON,commune-bez-et-esparon@wanadoo.fr,Gard,Laval_la_Ville
BEZOUCE,mairie@bezouce.org,Gard,Laval_la_Ville
BLANDAS,"",Gard,ornox30
BLAUZAC,mairie.blauzac@wanadoo.fr,Gard,tatoocygne
BOISSET ET GAUJAC,mairie.boissetetgaujac@wanadoo.fr,Gard,Mairiedu20
BOISSIERES,mairie-boissieres@wanadoo.fr,Gard,beaucaire30
BONNEVAUX,mairie.bonnevaux@free.fr,Gard,APissas
BORDEZAC,mairie.bordezac@wanadoo.fr,Gard,BrunoL66
BOUCOIRAN ET NOZIERES,mairie.boucoiran@wanadoo.fr,Gard,CRAUSTERobert
BOUILLARGUES,mairie.bouillargues@wanadoo.fr,Gard,WilliamMartinet
BOUQUET,mairie.bouquet@wanadoo.fr,Gard,Pr_Pin
BOURDIC,mairie.bourdic@laposte.net,Gard,LesAnglesSki
BRAGASSARGUES,mairie.braga@wanadoo.fr,Gard,emagein3d
BRANOUX LES TAILLADES,mairie-branoux.les.taillades@wanadoo.fr,Gard,Toulouse
BREAU ET SALAGOSSE,mairie.breau.et.salagosse@wanadoo.fr,Gard,julienplantier
BRIGNON,ville.brignon@wanadoo.fr,Gard,VilledAles
BROUZET LES ALES,mairiebla@wanadoo.fr,Gard,vidalthomasgard
BROUZET LES QUISSAC,mairie.brouzet@wanadoo.fr,Gard,vsortais
CABRIERES,mairiecabrieres@wanadoo.fr,Gard,JMaireofficiel
CAISSARGUES,mairie.caissargues@wanadoo.fr,Gard,Mairiedu20
CALVISSON,calvisson@wanadoo.fr,Gard,FlorianRENAUD1
CAMPESTRE ET LUC,mairie-campestre@orange.fr,Gard,F_Verdier
CANAULES ET ARGENTIERES,canaules.argentieres@orange.fr,Gard,MA_Jamet
CANNES ET CLAIRAN,mairie-cannesclairan@wanadoo.fr,Gard,JMaireofficiel
CARDET,mairiedecardet@orange.fr,Gard,Redessan_mairie
CARNAS,mairie@carnas.fr,Gard,l_margueritte
CARSAN,mairie.carsan@wanadoo.fr,Gard,Paris
CASSAGNOLES,mairie.cassagnoles@wanadoo.fr,Gard,Mairiedu20
CASTELNAU VALENCE,mairie.castelnau.valence@wanadoo.fr,Gard,Citynox_
CASTILLON DU GARD,mairie@castillondugard.fr,Gard,RNNMassane
CAUSSE BEGON,mairie.caussebegon@orange.fr,Gard,Mairiedu20
CAVEIRAC,contact@mairie-caveirac.fr ,Gard,OT_Mejannes
CAVILLARGUES,mairie-cavillargues@nordnet.fr,Gard,vsortais
CENDRAS,mairie-cendras@wanadoo.fr,Gard,Mairiedu20
CHAMBON,mairie-du-chambon@wanadoo.fr,Gard,JMaireofficiel
CHAMBORIGAUD,mairie.chamborigaud@wanadoo.fr,Gard,MairieParis14
CHUSCLAN,mairie.chusclan@chusclan.fr,Gard,de_ceze
CLARENSAC,mairie.clarensac@wanadoo.fr,Gard,jsanchez_rn
CODOGNAN,mairie.codognan@wanadoo.fr,Gard,VilledeMons
CODOLET,mairie@codolet.fr,Gard,CARRUETTE jean
COLLIAS,la-mairie-de-collias@wanadoo.fr,Gard,Freuk30
COLLORGUES,mairie.collorgues@wanadoo.fr,Gard,F_Verdier
COLOGNAC,mairie-colognac@wanadoo.fr,Gard,mairiedecerny
COMBAS,combas.gard@wanadoo.fr,Gard,fredmonteil1
COMPS,mairie.de.comps@wanadoo.fr,Gard,MemorialVerdun
CONCOULES,mairie.concoules@orange.fr,Gard,RadioRG30
CONGENIES,mairie.congenies@wanadoo.fr,Gard,JMaireofficiel
CONNAUX,mairie-connaux@wanadoo.fr,Gard,Mairiedu20
CONQUEYRAC,mairiedeconqueyrac@wanadoo.fr,Gard,AndriuzziJMiche
CORBES,mairie@corbes.fr,Gard,MdeMoussac
CORCONNE,corconne@wanadoo.fr,Gard,LeDrMus
CORNILLON,mairie-cornillon@wanadoo.fr,Gard,Mairiedu20
COURRY,mairiecourry@orange.fr,Gard,F_Verdier
CRESPIAN,"",Gard,nimes
CROS,communecros@nordnet.fr,Gard,vidalthomasgard
CRUVIERS LASCOURS,ville-cruviers-lascours@wanadoo.fr,Gard,aubervilliers93
DEAUX,mairie.deaux@orange.fr,Gard,Mairiedu20
DIONS,charpico@wanadoo.fr,Gard,Mairiedu20
DOMAZAN,mairie-domazan@wanadoo.fr,Gard,Mairiedu20
DOMESSARGUES,"",Gard,PommiersElea
DOURBIES,mairiededourbies@orange.fr,Gard,Mairiedu20
DURFORT ET ST MARTIN DE SOSSEN,mairie.durfort@wanadoo.fr,Gard,VilledAles
ESTEZARGUES,estezargues.mairie@wanadoo.fr,Gard,PLV26800
EUZET,commune.euzet@wanadoo.fr,Gard,F_Verdier
FLAUX,mairiedeflaux@wanadoo.fr,Gard,PBertaGard
FOISSAC,mairie.foissac@laposte.net,Gard,JMaireofficiel
FONS,mairie.fons.outre.gardon@wanadoo.fr,Gard,BonPlanPhoto
FONS SUR LUSSAN,mairie.fonsurlussan@wanadoo.fr,Gard,Quissac30260
FONTANES,fontanes30@wanadoo.fr,Gard,Redessan_mairie
FONTARECHES,communedefontareches@wanadoo.fr,Gard,Alex_Le_Coq
FOURNES,mairiedefournes@wanadoo.fr,Gard,judge_marie
FOURQUES,mairie.fourques@worldonline.fr,Gard,PetitesRivieres
FRESSAC,mairie.fressac@laposte.net,Gard,F3Languedoc
GAGNIERES,mairie.gagnieres@laposte.net,Gard,DominiqueRiberi
GAILHAN,gailhan@wanadoo.fr,Gard,mairiedecerny
GAJAN,mairie.gajan@wanadoo.fr,Gard,Bertrand LAVAL
GALLARGUES LE MONTUEUX,mairie@gallargues.fr,Gard,GoingRogueGG
GARONS,secretariat@garons.fr,Gard,bibicheri
GARRIGUES SAINTE EULALIE,garrigues.ste.eulalie@wanadoo.fr,Gard,PatROUSSON
GAUJAC,mairie-gaujac@wanadoo.fr,Gard,communesabran
GENERAC,mairiegenerac@yahoo.fr,Gard,AlexKimParis14
GENERARGUES,mairie.generargues@wanadoo.fr,Gard,stjo30
GENOLHAC,maire@mairie-genolhac.com,Gard,vidalthomasgard
GOUDARGUES,mairie.goudargues@wanadoo.fr,Gard,F_Verdier
ISSIRAC,issirac@wanadoo.fr,Gard,vidalthomasgard
JONQUIERES SAINT VINCENT,mairie.jonquieres.stvincent@wanadoo.fr,Gard,Gard
JUNAS,mairie-de-junas@wanadoo.fr,Gard,MFrippon
LA BASTIDE D ENGRAS,la-bastide-dengras@wanadoo.fr,Gard,jphil63
LA BRUGUIERE,commune-la-bruguiere@orange.fr,Gard,LionelTLMVPSP
LA CADIERE ET CAMBO,commune.cadiere.cambo@orange.fr,Gard,SaintBres
LA CALMETTE,mairie.lacalmette@wanadoo.fr,Gard,mpbresson
LA CAPELLE ET MASMOLENE,lacapelle.masmolene@gmail.com,Gard,C_Najdovski
LA GRAND COMBE,mairie@lagrandcombe.fr,Gard,Christophe_Repu
LAMELOUZE,communedelamelouze@orange.fr,Gard,MonierRudy
LANGLADE,"",Gard,clementmolizon
LANUEJOLS,mairie@lanuejols.com,Gard,GenreetVille
LA ROQUE SUR CEZE,mairie.laroquesurceze@wanadoo.fr,Gard,VilleSaintDenis
LA ROUVIERE,mairie.rouviere@wanadoo.fr,Gard,j_paulfournier
LASALLE,mairielasalle@wanadoo.fr,Gard,equipedefrance
LAUDUN L ARDOISE,fvaneecloo@laudunlardoise.fr,Gard,NovapOfficiel
LAVAL PRADEL,mairiedelavalpradel@wanadoo.fr,Gard,handgit
LAVAL SAINT ROMAN,communelavalstroman@wanadoo.fr,Gard,YverdonRegion
LA VERNAREDE,ville.lavernarede@wanadoo.fr,Gard,saint_etienne_
LE CAILAR,communelecailar@wanadoo.fr,Gard,raphaelmira1
LECQUES,mairie-de-lecques@wanadoo.fr,Gard,vsaintfelix
LEDENON,contact@mairie-de-ledenon.fr,Gard,MFrippon
LEDIGNAN,mairieledignan@wanadoo.fr,Gard,VilleAvignon
LE GARN,mairie-le-garn@wanadoo.fr,Gard,KerglonouC
LE GRAU DU ROI,communication@ville-legrauduroi.fr,Gard,Saint_Gervais
LE MARTINET,mairie.lemartinet@wanadoo.fr,Gard,Redessan_mairie
LE PIN,mairie-le-pin2@wanadoo.fr,Gard,payssaintgilles
LES ANGLES,contact@lesangles30.eu,Gard,F_Verdier
LES MAGES,mairie.les.mages@wanadoo.fr,Gard,elodielloretma1
LES PLANS,commune-les-plans@orange.fr,Gard,sissouvialat
LES PLANTIERS,les.plantiers@wanadoo.fr,Gard,StHippolyte
LES SALLES DU GARDON,info@comune.saint-vincent.ao.it,Gard,HerveCastelli
L ESTRECHURE,mairie.l-estrechure@wanadoo.fr,Gard,thi_loup
LE VIGAN,mairie-le-vigan@wanadoo.fr,Gard,myMetropolitain
LEZAN,mairie.lezan@wanadoo.fr,Gard,StJeanDeFos
LIOUC,mairie.de.liouc@wanadoo.fr,Gard,portsdefrance
LIRAC,infos@mairie-lirac.com,Gard,sinopis30
LOGRIAN FLORIAN,mairielogrian@orange.fr,Gard,VurpasArchi
LUSSAN,mairie-de-lussan@wanadoo.fr,Gard,Pr_Pin
MALONS ET ELZE,malonsetelze@nordnet.fr,Gard,F_Verdier
MANDAGOUT,mairie.mandagout@wanadoo.fr,Gard,julien_mgrt
MANDUEL,mairiedemanduel@wanadoo.fr,Gard,BFMTV
MARGUERITTES,marguerittes.mairie@wanadoo.fr,Gard,MusSaintJulien
MARS,mairie.mars@wanadoo.fr,Gard,wdesaintjust
MARTIGNARGUES,communedemartignargues@wanadoo.fr,Gard,ArrSaintLaurent
MARUEJOLS LES GARDON,mairie-maruejolslesgardon@orange.fr,Gard,thi_loup
MASSANES,mairie.massanes@wanadoo.fr,Gard,ActuML
MASSILLARGUES ATTUECH,mairie.massillargues-atuech@wanadoo.fr,Gard,sldv06
MAURESSARGUES,mairie.mauressargues@laposte.net,Gard,Heraultinfos
MEJANNES LE CLAP,mairie.mejannesclap@orange.fr,Gard,YoannGillet30
MEJANNES LES ALES,mairie.mejanneslesales@wanadoo.fr,Gard,18StMarcel
MEYNES,mairiedemeynes@wanadoo.fr,Gard,martialpradaud
MEYRANNES,mairie.meyrannes@wanadoo.fr,Gard,MartineAubry
MIALET,communedemialet@wanadoo.fr,Gard,tdesaintmaurice
MILHAUD,ville.milhaud@wanadoo.fr,Gard,asaintmaximin
MOLIERES CAVAILLAC,mairie.molieres-cavaillac@wanadoo.fr,Gard,Auber93Cyclisme
MOLIERES SUR CEZE,mairie.molieres.sur.ceze@wanadoo.fr,Gard,VilleStNazaire
MONOBLET,communedemonoblet@wanadoo.fr,Gard,VilleStNazaire
MONS,"",Gard,MLGardrhodanien
MONTAGNAC,mairie-montagnac@orange.fr,Gard,villesaintpaul
MONTAREN ET SAINT MEDIERS,communication.mairie.montaren@orange.fr,Gard,Berlouque
MONTCLUS,mairie.montclus@wanadoo.fr,Gard,AANZIANI
MONTDARDIER,mairiemontdardier@orange.fr,Gard,Saint_Privat
MONTEILS,mairie.monteils@wanadoo.fr,Gard,PhilippeRIBOT
MONTFAUCON,montfaucon.accueil@orange.fr,Gard,a_saint_quentin
MONTFRIN,montfrin.mairie@orange.fr,Gard,napilicaio
MONTIGNARGUES,mairiedemontignargues@wanadoo.fr,Gard,MdeSaintSauveur
MONTMIRAT,mairie-montmirat@wanadoo.fr,Gard,CAK_UMR
MONTPEZAT,mairie.montpezat@wanadoo.fr,Gard,Navexpo_Lorient
MOULEZAN,mairiemoulezan@wanadoo.fr,Gard,SandraGlock
MOUSSAC,mairie.moussac@orange.fr,Gard,Marsattaqueblog
MUS,mairie.mus@wanadoo.fr,Gard,Marsattaqueblog
NAGES ET SOLORGUES,mairie-de-nages-et-solorgues@wanadoo.fr,Gard,F_Verdier
NAVACELLES,mairie.navacelles@orange.fr,Gard,com_30340
NERS,mairiedeners@orange.fr,Gard,PBertaGard
NIMES,webmaster@ville-nimes.fr,Gard,F_Verdier
NOTRE DAME DE LA ROUVIERE,notredamedelarouviere@wanadoo.fr,Gard,Mairiedu20
ORSAN,mairie.orsan@wanadoo.fr,Gard,FetesSaumane84
ORTHOUX SERIGNAC QUILHAN,mairie.orthoux.serignac@wanadoo.fr,Gard,BFMTV
PARIGNARGUES,mairie.parignargues@wanadoo.fr,Gard,yvesdamecourt
PEYREMALE,mairie.peyremale@wanadoo.fr,Gard,F_Verdier
PEYROLES,peyrolles.mairie@wanadoo.fr,Gard,reportingbusn
POMMIERS,mairie.pommiers30@orange.fr,Gard,VILLE_ASNIERES
POMPIGNAN,mairie.de.pompignan@wanadoo.fr,Gard,mairiedecerny
PONTEILS ET BRESIS,communeponteilsetbresis@wanadoo.fr,Gard,ServasI
PONT SAINT ESPRIT,mairie@mairiepse.fr,Gard,VilledAles
PORTES,mairie.portes@meshnet.fr,Gard,laseynesurmer
POTELIERES,mairie.potelieres@wanadoo.fr,Gard,Groupe d‚Äôaction Gallargues Insoumise
POUGNADORESSE,pougnadoresse-mairie@wanadoo.fr,Gard,Mairiedu20
POULX,mairiedepoulx@ville-poulx.fr,Gard,Mairiedu20
POUZILHAC,commune.pouzilhac@wanadoo.fr,Gard,GazettedeNimes
PUECHREDON,"",Gard,Sumene_org
PUJAUT,mairie@pujaut.fr,Gard,YonnCalvezVanT
QUISSAC,mairie-de-quissac@wanadoo.fr,Gard,JMaireofficiel
REDESSAN,mairiederedessan@wanadoo.fr,Gard,mairiedecerny
REMOULINS,accueil.mairie.remoulins@wanadoo.fr,Gard,Mairiedu20
REVENS,mairie.de.revens@orange.fr,Gard,APissas
RIBAUTE LES TAVERNES,mairie.ribaute@orange.fr,Gard,mairiedecerny
RIVIERES,mairiederivieres30@wanadoo.fr,Gard,Uchaudlofficel
ROBIAC ROCHESSADOULE,robiac-rochessadoule@wanadoo.fr,Gard,Azimutes_Uzes
ROCHEFORT DU GARD,mairie@ville-rochefortdugard.fr,Gard,RVabres
ROCHEGUDE,mairiederochegude@wanadoo.fr,Gard,Deniz √ñzdemir
RODILHAN,MAIRIE-DE-RODILHAN@wanadoo.fr,Gard,PBertaGard
ROGUES,maire.rogues@wanadoo.fr,Gard,judge_marie
ROQUEDUR,roquedur@wanadoo.fr,Gard,Valleraugue
ROQUEMAURE,roquemaure.mairie@wanadoo.fr,Gard,JMaireofficiel
ROUSSON,contact@mairie-rousson.com,Gard,JeanDenat
SABRAN,mairie.sabran@wanadoo.fr,Gard,BrunoTUFFERY
SAINT ALEXANDRE,communedestalexandre@wanadoo.fr,Gard,Mairiedu20
SAINT AMBROIX,mairie.stambroix@wanadoo.fr,Gard,Vergeze30310
SAINT ANDRE DE MAJENCOULES,mairie.saintandredemajencoules@wanadoo.fr,Gard,ArgFamille
SAINT ANDRE DE ROQUEPERTUIS,mairie@standrederoquepertuis.org,Gard,YoannGillet30
SAINT ANDRE DE VALBORGNE,mairie.valborgne@wanadoo.fr,Gard,MinToulouse
SAINT ANDRE D OLERARGUES,mairie.standredolerargues@orange.fr,Gard,VicleFesq
SAINT BAUZELY,mairie-stbauzely@wanadoo.fr,Gard,VilleneuveLezA
SAINT BENEZET,commune.saintbenezet@wanadoo.fr,Gard,Evenements30
SAINT BONNET DE SALENDRINQUE,mairie.saintbonnet@orange.fr,Gard,Mairiedu20
SAINT BONNET DU GARD,communedestbonnet@wanadoo.fr,Gard,
SAINT BRES,mairiestbres@free.fr,Gard,
SAINT BRESSON,mairie@saintbresson.net,Gard,
SAINT CESAIRE DE GAUZIGNAN,mairiestcezairegauzignan@wanadoo.fr,Gard,
SAINT CHAPTES,secretariat_mairie_stchaptes@orange.fr,Gard,
SAINT CHRISTOL DE RODIERES,stchristolder@wanadoo.fr,Gard,
SAINT CHRISTOL LES ALES,mairie@st-christol-lez-ales.fr,Gard,
SAINT CLEMENT,commune-de-saintclement@wanadoo.fr,Gard,
SAINT COME ET MARUEJOLS,mairie-saint-come@wanadoo.fr,Gard,
SAINT DENIS,mairie.stdenis@libertysurf.fr,Gard,
SAINT DEZERY,stdezery.mairie@wanadoo.fr,Gard,
SAINT DIONIZY,mairie.saintdionisy@wanadoo.fr,Gard,
SAINTE ANASTASIE,mairie.sainteanastasie30@wanadoo.fr,Gard,
SAINTE CECILE D ANDORGE,mairie.saintececile@meshnet.fr,Gard,
SAINTE CROIX DE CADERLE,mairie-ste-croix30@wanadoo.fr,Gard,
SAINT ETIENNE DE L OLM,mairie.stetienne@cegetel.net,Gard,
SAINT ETIENNE DES SORTS,commairiest@yahoo.fr,Gard,
SAINT FELIX DE PALLIERES,mairie.st.felix.pallieres@wanadoo.fr,Gard,
SAINT FLORENT SUR AUZONNET,saintflorent@wanadoo.fr,Gard,
SAINT GENIES DE COMOLAS,mairie-st-genies@wanadoo.fr,Gard,
SAINT GENIES DE MALGOIRES,mairiesaintgenies2@wanadoo.fr,Gard,
SAINT GERVAIS,mairiestgervaisgard@wanadoo.fr,Gard,
SAINT GERVASY,commune.saintgervasy@wanadoo.fr,Gard,
SAINT GILLES,mairie.de.st.gilles@wanadoo.fr,Gard,
SAINT HILAIRE DE BRETHMAS,mairie.saint.hilaire.de.brethmas@wanadoo.fr,Gard,
SAINT HILAIRE D OZILHAN,mairiesainthilairedozilhan@wanadoo.fr,Gard,
SAINT HIPPOLYTE DE CATON,sthippo.mairie@wanadoo.fr,Gard,
SAINT HIPPOLYTE DE MONTAIGU,mairie.sthippolytedemontaigu@orange.fr,Gard,
SAINT HIPPOLYTE DU FORT,mairie.sthippo@wanadoo.fr,Gard,
SAINT JEAN DE CEYRARGUES,stjeandeceyrargues@orange.fr,Gard,
SAINT JEAN DE CRIEULON,"",Gard,
SAINT JEAN DE MARUEJOLS/AVEJAN,"",Gard,
SAINT JEAN DE SERRES,mairie-st-jean-de-serres@orange.fr,Gard,
SAINT JEAN DE VALERISCLE,mairie.sjv@wanadoo.fr,Gard,
SAINT JEAN DU GARD,webinfo@ville-saintjeandugard.fr,Gard,
SAINT JEAN DU PIN,mairie.sjdpin@orange.fr,Gard,
SAINT JULIEN DE CASSAGNAS,mairie.stjuliendecassagnas@wanadoo.fr,Gard,
SAINT JULIEN DE LA NEF,saint.julien@free.fr,Gard,
SAINT JULIEN DE PEYROLAS,mairie.stjuliendepeyrolas@wanadoo.fr,Gard,
SAINT JULIEN LES ROSIERS,mairie-les-rosiers@wanadoo.fr,Gard,
SAINT JUST ET VACQUIERES,"",Gard,
SAINT LAURENT D AIGOUZE,contact@ville-saint-laurent-daigouze.fr,Gard,
SAINT LAURENT DE CARNOLS,mairie@carnols.org,Gard,
SAINT LAURENT DES ARBRES,mairie.stlaurentdesarbres@wanadoo.fr,Gard,
SAINT LAURENT LA VERNEDE,mairie.stlaurent-lavernede@wanadoo.fr,Gard,
SAINT LAURENT LE MINIER,saintlaurentleminier@wanadoo.fr,Gard,
SAINT MAMERT DU GARD,mairie@st-mamertdugard.fr,Gard,
SAINT MARCEL DE CAREIRET,commune.stmarceldecareiret@wanadoo.fr,Gard,
SAINT MARTIAL,"",Gard,
SAINT MARTIN DE VALGALGUES,mairie.30520@wanadoo.fr,Gard,
SAINT MAURICE DE CAZEVIEILLE,mairie.st-maurice-de-cazevieille@wanadoo.fr,Gard,
SAINT MAXIMIN,contact@mairiestmaximin.fr,Gard,
SAINT MICHEL D EUZET,saint.michel.deuzet@wanadoo.fr,Gard,
SAINT NAZAIRE,mairiestnazaire@wanadoo.fr,Gard,
SAINT NAZAIRE DES GARDIES,mairiedestnazairedesgardies@nordnet.fr,Gard,
SAINT PAULET DE CAISSON,mairie.stpaulet@free.fr,Gard,
SAINT PAUL LA COSTE,mairie-st-paul-la-coste@meshnet.fr,Gard,
SAINT PAUL LES FONTS,secretariat@mairie-saintpaullesfonts.fr,Gard,
SAINT PONS LA CALM,communesaintponslacalm@wanadoo.fr,Gard,
SAINT PRIVAT DE CHAMPCLOS,mairie.stprivatdechampclos@wanadoo.fr,Gard,
SAINT PRIVAT DES VIEUX,mairie@ville-st-privat-des-vieux.com,Gard,
SAINT QUENTIN LA POTERIE,mairiesaintquentinlapoterie@wanadoo.fr,Gard,
SAINT ROMAN DE CODIERES,mairiestroman@orange.fr,Gard,
SAINT SAUVEUR CAMPRIEU,stsauveur.camprieu@free.fr,Gard,
SAINT SEBASTIEN D AIGREFEUILLE,mairiedesaintsebastien@wanadoo.fr,Gard,
SAINT SIFFRET,st-siffret.mairie@wanadoo.fr,Gard,
SAINT THEODORIT,mairiesttheodorit@wanadoo.fr,Gard,
SAINT VICTOR DE MALCAP,mairie@st-victor.fr,Gard,
SAINT VICTOR DES OULES,st-victor.mairie@wanadoo.fr,Gard,
SAINT VICTOR LA COSTE,contact@saintvictorlacoste.com,Gard,
SALAZAC,mairie.salazac@wanadoo.fr,Gard,
SALINDRES,accueil@mairie-salindres.fr,Gard,
SALINELLES,commune.salinelles@orange.fr,Gard,
SANILHAC SAGRIES,sanilhac.mairie@wanadoo.fr,Gard,
SARDAN,mairiesardan@orange.fr,Gard,
SAUMANE,mairie.saumane@orange.fr,Gard,
SAUVE,mairie@ville-de-sauve.fr,Gard,
SAUVETERRE,mairiesauveterre@wanadoo.fr,Gard,
SAUZET,communedesauzet@wanadoo.fr,Gard,
SAVIGNARGUES,commune.savignargues@wanadoo.fr,Gard,
SAZE,communedesaze@wanadoo.fr,Gard,
SENECHAS,mairie.senechas@wanadoo.fr,Gard,
SERNHAC,mairie-sernhac@wanadoo.fr,Gard,
SERVAS,"",Gard,
SERVIERS ET LABAUME,mairie.serviers-labaume@wanadoo.fr,Gard,
SEYNES,mairie@seynes.org,Gard,
SOMMIERES,mairie-sommieres@wanadoo.fr,Gard,
SOUDORGUES,soudorgues@free.fr,Gard,
SOUSTELLE,"",Gard,
SOUVIGNARGUES,commune.de.souvignargues@wanadoo.fr,Gard,
SUMENE,mairie-de-sumene@wanadoo.fr,Gard,
TAVEL,mairie@tavel.tm.fr,Gard,
THARAUX,mairie.tharaux@wanadoo.fr,Gard,
THEZIERS,mairie.theziers@wanadoo.fr,Gard,
THOIRAS,thoiras30.mairie@wanadoo.fr,Gard,
TORNAC,mairie@tornac.fr,Gard,
TRESQUES,mairie.tresques@wanadoo.fr,Gard,
TREVES,mairie.treves@wanadoo.fr,Gard,
UCHAUD,accueil@ville-uchaud.fr,Gard,
UZES,communication.uzes@gmail.com,Gard,
VABRES,mairie30-vabres@wanadoo.fr,Gard,
VALLABREGUES,communedevallabregues@wanadoo.fr,Gard,
VALLABRIX,mairie.vallabrix@wanadoo.fr,Gard,
VALLERARGUES,mairiedevallerargues@wanadoo.fr,Gard,
VALLERAUGUE,valleraugue.mairie@wanadoo.fr,Gard,
VALLIGUIERES,valliguieres.mairie@wanadoo.fr,Gard,
VAUVERT,mairie@vauvert.com,Gard,
VENEJAN,mairie.venejan@wanadoo.fr,Gard,
VERFEUIL,mairie.verfeuil064@orange.fr,Gard,
VERGEZE,info@vergeze.fr,Gard,
VERS PONT DU GARD,contact@vers-pont-du-gard.fr,Gard,
VESTRIC ET CANDIAC,vestric@wanadoo.fr,Gard,
VEZENOBRES,accueil@vezenobres.fr,Gard,
VIC LE FESQ,mairieviclefesq@wanadoo.fr,Gard,
VILLENEUVE LES AVIGNON,mairie-villeneuve-lez-avignon@wanadoo.fr,Gard,
VILLEVIEILLE,commune-de-villevieille@wanadoo.fr,Gard,
VISSEC,mairie.vissec@laposte.net,Gard,
